"id","title","dsc","press","posted_date","link"
1,내년 ‘소비기한’ 시대 도래…소비자 반기는데 기업은 '걱정',"소비기한 표시제 시행, 소비자들 기대감 높아 자취 5년차인 30대 직장인 김모 씨(여)는 내년 1월 1일부터 시행되는 ‘식품 소비기한 표시제’에 관심이 많다. 김 씨는 ""소비기한의 개념을 몰랐을 당시 유통기한이 지난...",더팩트,2022-09-08,http://news.tf.co.kr/read/economy/1964023.htm
2,내년부터 건기식 '유통기한→소비기한' 표시 변경,"건강기능식품 유통기한이 내년부터 소비기한 표시제로 바뀌면서 업체와 약국에도 영향을 미칠 것으로 보인다. 작년 국회에서 식품·표시 광고법 개정안이 통과되면서, 건기식 유통기한은 내년 1월 1일부터 소비기한으로...",데일리팜,2022-08-30,http://www.dailypharm.com/Users/News/NewsView.html?ID=291368&REFERER=NP
3,"아산시, '식품 소비기한 표시제' 1년 유예기간 적용",아산시(시장 박경귀)는 유통기한이 지나도 섭취할 수 있는 식품이 폐기되는 것을 막고 자원 소비를 줄이기 위해 내년부터 시행되는 '식품 소비기한 표시제'에 1년의 유예기간이 적용된다고 알렸다. 이미지=박나라 기자...,농수축산신문,2022-08-25,http://www.aflnews.co.kr/news/articleView.html?idxno=232092
4,[기고] 식품 소비기한 표시제의 안정적 도입 위한 계도기간 부여,"이러한 혼란을 방지하면서 소비자에게 명확한 정보를 제공하고 식품 폐기물 감소를 위해 `23년 1월 1일부터 유통기한 대신 소비기한 표시제(냉장보관 우유, 환원유 제외)가 시행된다. 식약처는 대부분의 가공식품이...",무등일보,2022-08-25,http://www.mdilbo.com/detail/AjBTxA/676770
5,"아산시, '식품 소비기한 표시제' 1년 유예기간 적용","시 관계자는 ""내년 1년간의 계도기간 이후 소비기한을 표시하지 않는 경우 시정명령이 내려지며 시정명령을 이행하지 않으면 품목 제조 정지 15일 등의 행정처분을 받을 수 있다""고 말했다. 아산시,숙품소비기한표시제",중부매일,2022-08-25,http://www.jbnews.com/news/articleView.html?idxno=1369364
6,"아산시, '식품 소비기한 표시제' 유예 기간 적용",소비기한과 유통기한의 차이점 안내문 충남 아산시는 내년부터 시행되는 '식품 소비기한 표시제'에 1년의 유예기간이 적용된다고 25일 말했다. '식품 소비기한 표시제'란 기업이 소비자에게 식품을 유통할 수 있는 날짜인...,충남일보,2022-08-25,http://www.chungnamilbo.co.kr/news/articleView.html?idxno=675896
7,"아산시, '식품 소비기한 표시제' 1년 유예기간 적용 안내","소비기한과 유통기한의 차이점 안내문 충남 아산시는 내년부터 시행되는 '식품 소비기한 표시제'에 대해 1년의 유예기간이 적용된다고 알렸다. 25일 시에 따르면, '식품 소비기한 표시제'란 기업이 소비자에게 식품을...",충청뉴스,2022-08-25,http://www.ccnnews.co.kr/news/articleView.html?idxno=266954
8,시행 5개월 앞둔 소비기한 표시제 '1년간 계도기간 부여',건강기능식품 등에 내년 1월 1일부터 적용되는 소비기한 표시제를 앞두고 1년간의 계도기간이 설정됐다. 이 기간 동안에는 '유통기한'이 표시된 기존 포장지를 스티커 처리 없이 사용할 수 있다. 식약처는 최근 소비기한...,약사공론,2022-08-22,https://www.kpanews.co.kr/article/show.asp?idx=235564&category=B
9,"내년 1월 시행 소비기한 표시 준비 완료업체, 11일부터 선적용 가능","다음은 소비기한 표시제 선적용 및 계도기간 부여 관련 Q&A. Q. 소비기한 표시제 시행일은? 소비기한 표시제는 2023년 1월 1일부터 시행 예정이며, 시행일 이후 제조ㆍ가공하거나 수입을 위해 선적하는 경우부터 적용된다....",식품저널 foodnews,2022-08-12,http://www.foodnews.co.kr/news/articleView.html?idxno=98211
10,"소비기한 표기, 1년 계도기간 둔다 유통기한 대신 내년 1월 시행",식품의약품안전처가 내년 1월부터 시행되는 ‘식품 소비기한 표시제’에 1년의 계도기간을 두는 내용을 담은 ‘식의약 규제혁신 100대 과제’를 11일 발표했다. ‘식품 소비기한 표시제’란 식품을 유통할 수 있는...,동아일보,2022-08-12,https://www.donga.com/news/article/all/20220812/114924809/1
11,‘식품 소비기한 표시제’ 1년 계도기간 운영,"식약처, 규제혁신 100대 과제 음식점 반려동물 출입 허용 추진 mRNA 백신·치료제 임상기준 완화 내년 1월 시행되는 식품소비기한 표시제는 1년간 계도기간을 두기로 했다. 음식점에 반려동물 출입 허용을 추진하고...",세계일보언론사 선정,2022-08-11,http://www.segye.com/content/html/2022/08/11/20220811519071.html?OutUrl=naver
12,"2023 시행 '소비기한 표시제', 1년 계도기간 둔다",정부가 내년부터 시행 예정인 소비기한 표시제에 1년간 계도기간을 두기로 했다. 오유경 식약처장이 '식의약 규제혁신 100대 과제'를 발표하고 있다. 식품의약품안전처는 11일 서울 중구 대한상공회의소에서 '식의약...,의학신문,2022-08-11,http://www.bosa.co.kr/news/articleView.html?idxno=2179065
13,"유통기한 대신 '소비기한' 표시, 1년 계도 기간 두기로","이미 국제식품규격위원회(CODEX)는 물론 미국, 일본, 유럽연합(EU), 캐나다, 호주 등 경제협력개발기구(OECD) 대부분의 나라들이 소비기한 표시제를 운영하고 있다. 하지만 시행일에 맞춰 많은 품목의 포장지를 변경하기...",노컷뉴스,2022-08-11,https://www.nocutnews.co.kr/news/5800924
14,"내년 시행 앞둔 '식품 소비기한 표시제', 1년 계도기간 두기로",정부가 내년부터 시행되는 '식품 소비기한 표시제'에 1년간 계도기간을 두기로 했다. 시행일에 맞춰 식품 포장지를 바꾸는 것이 현실적으로 어렵고 기존 포장지 폐기 과정에서 비용 부담과 자원 낭비를 우려해서다....,매일신문언론사 선정,2022-08-11,https://news.imaeil.com/page/view/2022081114233119394
15,"유통기한 대신 도입하는 소비기한, 1년 계도기간 두기로",정부가 내년부터 시행되는 ‘식품 소비기한 표시제’에 1년의 계도기간을 두기로 했다. 반려동물과 함께 음식점에 들어갈 수 있도록 허용하는 방안도 추진된다. 식품의약품안전처는 이 같은 내용이 담긴 ‘식의약...,동아일보언론사 선정,2022-08-11,https://www.donga.com/news/article/all/20220811/114914948/1
16,"식약처, 식의약 규제혁신 100대 과제 발표...식품 소비기한 표시제 시행 계도기간 1년 부여",ⓒ식품의약품안전처 정부가 내년 1월 1일부터 시행하기로 한 '식품 소비기한 표시제'에 1년간 계도기간을 두기로 했다. 또 코로나19 mRNA 백신과 치료제의 신속한 개발을 지원하기 위해 임상시험계획 심사·승인 단계를...,라이프인,2022-08-11,http://www.lifein.news/news/articleView.html?idxno=14488
17,식당 반려동물 동반출입 허용…'소비기한' 계도기간 1년 도입(종합),이와 함께 내년 1월 1일부터 시행될 식품 소비기한 표시제에는 1년간 계도기간이 부여된다. 시행일에 맞춰 많은 품목의 포장지를 바꾸는 게 현실으로 어렵고 기존 포장지 폐기 등으로 인한 비용 부담과 자원 낭비가 우려될...,뉴스1,2022-08-11,https://www.news1.kr/articles/4770162
18,"'2023년 시행' 식품소비기한 표시제, 1년 계도기간 두기로","2025년 12월까지 음식점 반려동물 출입 허용도 논의 내년 1월 시행되는 식품소비기한 표시제는 1년간 계도기간을 두기로 했다. 음식점에 반려동물 출입 허용을 추진하고, 의약품 부작용 보상은 확대할 방침이다....",세계일보,2022-08-11,http://www.segye.com/content/html/2022/08/11/20220811509636.html?OutUrl=naver
19,"""소비기한 표시제, 1년 계도기간"" 식약처 100대 혁신 과제 발표","유통기한 대신 내년 1월부터 도입되는 소비기한 표시제에 대해, 식약처가 1년의 계도기간을 두기로 했습니다. 식약처는 소비기한 표시제 시행으로 기존 유통기한을 표시해둔 포장지가 대거 폐기되는 것을 방지하기 위해...",MBC,2022-08-11,https://imnews.imbc.com/news/2022/society/article/6397266_35673.html
20,내년 시행 '소비기한 표시제' 1년 계도기간…'식의약 규제혁신 100대 과제' 발표,식약처는 2023년 1월 1일부터 시행되는 식품 소비기한 표시제의 안정적 정착과 업체 부담 경감 등을 위해 시행일 이후 1년간 계도기간을 부여할 방침이다. 사진=식품저널DB 정부는 세포배양 식품 등 신기술을 적용한 미래...,식품저널 foodnews,2022-08-11,http://www.foodnews.co.kr/news/articleView.html?idxno=98174
21,"내년 시행되는 식품 소비기한, 1년간 계도기간 부여","식품업계 불만과 비용부담 완화 소분 판매 금지된 건강기능식품도 개인 맞춤형 소분 조합해 판매 식약처, 규제혁신 100대 과제 발표 정부가 내년 1월 1일부터 시행 예정이었던 소비기한 표시제에 대해 기존 포장지 변경...",문화일보,2022-08-11,http://www.munhwa.com/news/view.html?no=2022081101039921129001
22,소비기한 표시제 계도기간 1년…음식점 반려동물 출입 허용,"기사내용 요약 식약처, 식의약 규제혁신 100대 과제 발표 정부가 내년 1월 식품 소비기한 표시제 시행에 따른 업체들의 부담을 줄여주기 위해 1년간 계도기간을 두기로 했다. 또 음식점에 반려동물 출입을 허용하지 않는...",뉴시스,2022-08-11,http://www.newsis.com/view/?id=NISX20220811_0001974966&cID=13107&pID=13200
23,식당 반려동물 동반출입 허용…'소비기한' 계도기간 1년 도입,이와 함께 내년 1월 1일부터 시행될 식품 소비기한 표시제에는 1년간 계도기간이 부여된다. 시행일에 맞춰 많은 품목의 포장지를 바꾸는 게 현실으로 어렵고 기존 포장지 폐기 등으로 인한 비용 부담과 자원 낭비가 우려될...,뉴스1,2022-08-11,https://www.news1.kr/articles/4769609
24,"신선식품, 온라인 판매 때 '소비기한 X일 이상' 명시…내년부터 시행","공정위는 ""이미 예고한 대로 개정 고시는 소비기한 표시제와 같은 실물상품에 대한 새로운 표시제도가 시행되는 내년 1월 1일에 함께 시행될 것""이라며 ""시행일 이전까지 사업자와 소비자가 개정 고시에 대해 충분히 이해할...",한국경제,2022-08-03,https://www.hankyung.com/economy/article/202208034415i
25,[독자기고] 소비자 중심의 소비기한 표시제 변경,식품 표시광고법이 개정돼 유통기한을 소비기한으로 변경하는 소비기한 표시제가 내년 1월 1일 부터 시행된다. 유통기한 표시제는 도입 당시인 1985년부터 현재까지 소비자들에게 알려져 식품 섭취 기한의 기준으로 많이...,제민일보,2022-07-26,http://www.jemin.com/news/articleView.html?idxno=741017
26,[기고] 소비자 중심의 소비기한 표시제 변경,박주연 제주시 위생관리과 「식품표시광고법」이 개정되어 유통기한을 소비기한으로 변경하는 소비기한 표시제가 2023. 1. 1부터 시행된다. 유통기한 표시제는 도입 당시인 1985년부터 현재까지 소비자들에게 널리 알려져...,제주교통복지신문,2022-07-21,https://www.jejutwn.com/news/article.html?no=140140
27,(약수터)소비기한,"유럽연합(EU)과 미국, 일본, 호주를 비롯한 대부분의 경제협력개발기구(OECD) 국가는 소비기한 표시제를 일찌감치 도입했다. 우리나라도 늦게나마 식품 폐기량과 온실가스 배출량을 줄여 지속가능한 지구환경 보전에...",무등일보,2022-07-20,http://www.mdilbo.com/detail/WYXZ2h/674381
28,내년부터 유통기한 대신 ‘소비기한’ 도입… 음식물 쓰레기 줄이고 온실가스도 잡는다,"유럽연합(EU)과 미국, 일본, 호주를 비롯한 대부분의 경제협력개발기구(OECD) 국가는 소비기한 표시제를 도입한 상황입니다. 단, 소비기한은 제품의 원료와 제조 방법, 포장법, 보관 조건 등을 고려해 과학적 실험을 통해...",어린이동아,2022-07-20,http://kids.donga.com/news/vv.php?type=news&id=20220720131417983199
29,“음식 폐기 줄이고 환경보호”… 4년간 200개 식품에 ‘소비기한’ 추진,"전 세계 주요 선진국은 대부분 소비기한 표시제를 시행 중이다. 유럽연합(EU)과 경제협력개발기구(OECD) 37개국 외에도 동남아, 남미, 아프리카 등 대다수 국가는 소비기한 표시제를 운영하고 있다. 식약업계에 따르면 EU와...",문화일보,2022-07-19,http://www.munhwa.com/news/view.html?no=2022071901032503325001
30,"[지난주 유통업계 주요이슈] ""외식도 부담"" '고물가' 행진 속 프랜차이즈 가격인상...식약처 ""소비기한 연구센터 개소"" 外",롯데홈쇼핑·CJ온스타일·NS홈쇼핑은 보양식 시즌을 맞아 일제히 집에서 조리할 수 있는 식품 판매를 시작했다 아울러 내년 1월 시행하는 식품 소비기한 표시제도를 앞두고 지난 12일 소비기한 연구센터(이하 연구센터)...,청년일보,2022-07-17,https://www.youthdaily.co.kr/news/article.html?no=105837
31,"식약처, 소비기한 표시제 본격 시행",［동양일보 도복희 기자］ 식품의약품안전처 오유경 처장은 내년 1월 소비기한 표시제도의 본격적인 시행을 앞두고 12일 한국식품과학연구원(경기 의왕 소재)에서 개최되는 '소비기한 연구센터' 개소식에 참석해...,동양일보,2022-07-13,http://www.dynews.co.kr/news/articleView.html?idxno=665877
32,"오유경 식약처장, 소비기한 연구센터 찾아 식품기업 CEO와 간담회","시행될 소비기한 표시제도 홍보 방안에 대한 의견을 나눴다. 제품 제조일로부터 소비자에게 유통·판매할 수 있는 유통기한과 달리, 소비기한은 식품 등에 표시된 보관방법을 지킬 경우 먹어도 안전에 이상이 없는 기한을...",서울파이낸스,2022-07-13,http://www.seoulfn.com/news/articleView.html?idxno=461196
33,내년부터 ‘유통기한’ 대신 ‘소비기한’…식약처 “탄소중립 실현 도움”,소비기한 도입 이후에 계도기간을 두는 방안도 검토하고 있다. 오유경 식약처장은 “소비기한 표시제가 식품 폐기물 감소와 탄소중립 실현에 도움이 될 것”이라고 말했다.,동아일보언론사 선정,2022-07-12,https://www.donga.com/news/article/all/20220712/114415455/1
34,"식약처, 내년 시행 ‘소비기한’ 표시제 지원 연구센터 개소","식약처, 내년 시행 ‘소비기한’ 표시제 지원 연구센터 개소 식품의약품안전처가 내년 1월 시행하는 식품 소비기한 표시제도를 앞두고 12일 소비기한 연구센터‘ 개소식을 열었다. 소비기한은 식품 등에 표시된 보관방법을...",브릿지경제,2022-07-12,https://www.viva100.com/main/view.php?key=20220712010002961
35,내년 시행 '식품 권장소비기한 표시제' 지원 연구센터 개소,"내년 1월 시행하는 식품 소비기한 표시제도를 앞두고 소비기한 연구센터가 문을 열었습니다. 소비기한은 식품 등에 표시된 보관방법을 지킬 경우 섭취해도 안전에 이상이 없는 기한으로, 현재 식품 등에 표시되고 있는...",YTN,2022-07-12,https://www.ytn.co.kr/_ln/0103_202207121723206072
36,식약처장-식품업계 CEO 한자리에…'소비기한 표시제' 논의,식품의약품안전처 오유경 처장은 내년 1월 소비기한 표시제도의 본격적인 시행을 앞두고 오늘(12일) 한국식품과학연구원(경기 의왕 소재)에서 개최되는 ‘소비기한 연구센터’ 개소식에 참석하고 식품업계와 간담회를...,SBS Biz,2022-07-12,https://biz.sbs.co.kr/article_hub/20000071282?division=NAVER
37,"식약처, 내년 1윌 소비기한 표시제 도입 앞두고 연구센터 개소","간담회에서 오 처장은 소비기한 표시제도 도입에 따른 업계 애로사항을 청취하고 소통협력 방안을 논의했다. 식약처는 소비기한 시행, 식품표시, 기준 규격 등 업계 건의사항을 청취해 향후 규제 과제로 선정해 개선을...",이투데이,2022-07-12,https://www.etoday.co.kr/news/view/2152672
38,식약처 “소비기한 표시제 안정적 정착 위해 노력할 것”,(제공: 식품의약품안전처) [천지일보=황해연 기자] 내년 1월 소비기한 표시제도 본격적 시행을 앞두고 오유경 식품의약품안전처장이 한국식품과학연구원에서 개최되는 ‘소비기한 연구센터’ 개소식에 참석해 식품업계와...,천지일보,2022-07-12,http://www.newscj.com/article/20220712580665
39,"소비기한 연구센터 개소...""식품 권장소비기한 표시제 대비""","내년 1월 시행하는 식품 소비기한 표시제도를 앞두고 12일 소비기한 연구센터가 출범했다. 소비기한은 식품 등에 표시된 보관방법을 지킬 경우 섭취해도 안전에 이상이 없는 기한이며, 현재 식품 등에 표시되고 있는...",청년일보,2022-07-12,https://www.youthdaily.co.kr/news/article.html?no=105568
40,"식약처·식품업계, ‘소비기한 표시제’ 논의… “계도기간 1년 필요”",식품의약품안전처가 소비기한 표시제도 시행을 앞두고 계도기간 도입을 검토 중인 가운데 식품기업 대표들과 12일 간담회를 열었다. 소비기한 표시제도는 소비자 판매가 허용되는 기간을 뜻하는 유통기한과 달리 보관...,조선비즈,2022-07-12,https://biz.chosun.com/distribution/food/2022/07/12/HTSVPXW45NG4JPH5JMH3MOW54Q/?utm_source=naver&utm_medium=original&utm_campaign=biz
41,내년 시행 '식품 권장소비기한 표시제' 지원 연구센터 개소,올해 50개 유형 권장소비기한 설정…4년간 200개로 확대 내년 1월 시행하는 식품 소비기한 표시제도를 앞두고 12일 소비기한 연구센터가 문을 열었다. 소비기한은 식품 등에 표시된 보관방법을 지킬 경우 섭취해도 안전에...,연합뉴스,2022-07-12,https://www.yna.co.kr/view/AKR20220712113900530?input=1195m
42,"'소비기한 연구센터' 개소, 식품 유형별 권장 소비기한 설정","사진=강봉조 기자 내년 1월 1일 소비기한 표시제 시행을 앞두고, 영업자가 소비기한을 설정할 때 참고할 수 있도록 식품 유형별로 권장 소비기한을 설정하는 '소비기한 연구센터'가 12일 문을 열었다. 오유경...",식품저널 foodnews,2022-07-12,http://www.foodnews.co.kr/news/articleView.html?idxno=97665
43,[더뉴스] 내년부터 소비기한 도입...식품폐기 비용 줄인다!,"식품안전정보원은 소비기한 표시제가 도입되면 1년에 소비자는 약 8천 860억 원, 산업체에는 1년에 약 260억 원 정도의 편익이 발생할 것으로 예상했습니다. 다만, 보관 기간이 길어지는 만큼 식품 안전에 대한 우려도...",YTN,2022-07-08,https://www.ytn.co.kr/_ln/0102_202207081435288484
44,"[르포] '이제는 유통기한 아닌 소비기한' 준비 박차…""명칭 우선적으로""",시행 약 6개월 전 임에도 CJ제일제당과 대상라이프사이언스 등 업계 선두주자들은 이미 소비기한 표시제 준수를 위한 준비 단계에 돌입했다. 양사는 각각 가정간편식과 메디푸드(특수의료용도식품) 분야에서 국내 1위...,아시아투데이,2022-07-07,https://www.asiatoday.co.kr/view.php?key=20220707010004215
45,"내년 1월부터 유통기한→소비기한…""당분간 명칭만 바뀔 듯""",소비기한 표시제 시행을 약 6개월 앞둔 가운데 식품업계는 한동안 기간 표시에 기존 '유통기한'의 기간을 유지할 전망입니다. 식품의약품안전처는 내년 1월부터 식품 등에 표시하는 '섭취해도 안전에 이상이 없는 기한'을...,SBS Biz언론사 선정,2022-07-07,https://biz.sbs.co.kr/article_hub/20000070600?division=NAVER
46,"[르포]""유통기한은 잊어라""…식품기업, 소비기한 준비 들러보니","이미 국제식품규격위원회(CODEX)는 물론 미국, 일본, 유럽연합(EU), 캐나다, 호주 등 경제협력개발기구(OECD) 대부분의 나라들이 소비기한 표시제를 운영하고 있다. 제도 시행을 앞둔 식품업계 선두 기업들은 거대한 전환을...",노컷뉴스,2022-07-07,https://www.nocutnews.co.kr/news/5783410
47,[MZ컨슈머] '유통기한' 아니죠…내년부턴 '소비기한',이에 오랜 논의 끝에 식품 폐기물 감소를 통해 탄소중립을 실천하고 식품을 안전하게 섭취할 수 있는 기한을 명확하게 알리고자 '소비기한 표시제'를 도입하게 됐다. 소비기한은 일반적으로 유통기한보다 30%가량 더...,컨슈머타임스,2022-07-06,http://www.cstimes.com/news/articleView.html?idxno=504171
48,"식약처 ""소비기한 표시제 도입 시 연간 소비자 편익 8860억 추정""",유통기한 표시된 제품 [식품의약품안전처] 2021년 8월 소비기한 도입 식품표시광고법이 개정 및 공포됨에 따라 2023년 1월 1일부터 기존 식품 유통기한 표시제에서 소비기한 표시제로 변경됩니다. 소비기한은 소비자가...,한국농어촌방송,2022-07-01,http://www.newskr.kr/news/articleView.html?idxno=79014
49,"기업 목소리 적극 반영하는 정부… ""소비기한 표시제 계도기간 검토""",내년 1월 강행 단속 입장서 선회 계도기간 6~12개월 입장 조정 중 식품의약품안전처(식약처)가 식품에 표시하던 '유통기한'을 소비기한으로 바꾸는 '소비기한 표시제' 시행에 계도기간을 두는 방안을 검토 중인 것으로...,천지일보,2022-06-29,http://www.newscj.com/news/articleView.html?idxno=996792
50,소비기한 도입으로 식품 보관 기간 늘어나는데…식품업계 불안한 이유,"식약처 ""소비기한 표시제 계도기간 부여 유력 검토"" 식품의약품안전처(이하 식약처)가 내년 1월부터 식품에 표시하는 유통기한을 소비기한으로 바꾸는 '소비기한 표시제'를 도입하는 것과 관련해 식품업계가 엇갈린...",더팩트,2022-06-29,http://news.tf.co.kr/read/economy/1948333.htm
51,"[단독] 식약처 ""소비기한 표시제, 계도기간 부여 적극 검토""",내년 1월 단속입장서 선회 6~12개월 사이서 저울질 식품의약품안전처가 식품에 표시하던 유통기한을 소비기한으로 바꾸는 '소비기한 표시제' 시행에 계도 기간을 두기로 내부 방침을 정한 것으로 파악됐다. 내년 1월 1일...,매일경제,2022-06-28,http://news.mk.co.kr/newsRead.php?no=566518&year=2022
52,"[이슈&이슈] 유통기한 폐지… 식품업계, ‘소비기한’ 도입 두고 갑론을박","지난해 6월 서울 여의도 국회의사당 앞에서 시민단체 회원들이 소비기한 표시제 도입 촉구 기자회견을 열고 있다.(사진=환경운동연합) 식약처, 2023년 1월부터 소비기한 도입 “제품 판매기간 증가로 매출 상승 기대”vs...",브릿지경제,2022-06-28,https://www.viva100.com/main/view.php?key=20220628010006531
53,"[단독] 식약처장 바뀌더니…식약처 ""소비기한 표시제 계도기간 부여 유력 검토""",식품의약품안전처가 식품에 표시하던 유통기한을 소비기한으로 바꾸는 '소비기한 표시제' 시행에 계도 기간을 두는 방안을 유력하게 검토 중인 것으로 파악됐다. 내년 1월 1일 시행일에 맞춰 단속하겠다는 그간 입장에서...,매일경제언론사 선정,2022-06-28,http://news.mk.co.kr/newsRead.php?no=564489&year=2022
54,소비기한 시행 코앞…식품업계 “포장지 재고·폐기 어쩌나”,"내년도 소비기한 표시제 시행을 앞두고 식품업계 표정이 밝지 않다. 당장 시행 기간이 얼마 남지 않은 상황에서 제품별 기한을 달리 설정해야 하는 데다, 실험 연구에 따른 절차나 비용은 물론 바뀐 정책으로 인한 폐기...",데일리안언론사 선정,2022-06-20,https://www.dailian.co.kr/news/view/1124052/?sc=Naver
55,"[똑똑키워드] 유통기한 이제 먹을 수 있는 날짜로 바뀐다, '소비기한 표시제'","'소비기한 표시제' 도입 배경에는 음식물쓰레기 폐기 비용을 줄이고자 하는 정책이 반영돼 있다. 미국, 독일, 일본 등 국가에서는 자원낭비와 폐기물 문제를 줄이기 위해 이 제도를 이미 시행하고 있다. 다만, 소비기한...",뉴스워치,2022-06-19,http://www.newswatch.kr/news/articleView.html?idxno=59429
56,[친절한 뉴스K] “유통기한 지나도 OK”…내년부터 ‘소비기한’ 표시,지난해 '소비기한 표시제' 관련법이 국회를 통과하면서 내년 1월 1일부터는 제품에 유통기한 대신 소비기한을 표시하게 되는데요. 우유류만 다른 품목보다 8년 늦은 2031년부터 시행됩니다. 냉장 보관기준 개선 등이...,KBS,2022-06-15,https://news.kbs.co.kr/news/view.do?ncd=5486619&ref=A
57,독일 입법례로 알아보는 소비기한 표시제,"국회도서관(관장 이명우)은 24일 「독일의 식품 소비기한 표시제 입법례」를 소개한 『최신외국입법정보』(2022-13호, 통권 제194호)를 발간했다. 이번 발간물은 국내 소비기한 표시제의 시행을 앞두고 독일과 유럽연합...",독서신문,2022-05-24,http://www.readersnews.com/news/articleView.html?idxno=105845
58,"국회도서관, 독일 '식품 소비기한 표시제' 입법례 소개","24일 최신외국입법정보 194호 발간내년 국내 소비기한 표시제 앞두고 우리 법과 비교 독일의 식품 소비기한 표시제 입법례를 담은 최신외국입법정보가 24일 발간됐다./사진=국회도서관 내년 소비기한 표시제 도입을...",이로운넷,2022-05-24,https://www.eroun.net/news/articleView.html?idxno=28450
59,"국회도서관, 독일 식품 소비기한 표시제 입법례 소개","국회의사당  국회도서관은 24일 '독일의 식품 소비기한 표시제 입법례'를 소개한 '최신외국입법정보'(2022-13호, 통권 제194호)를 발간했다. 독일은 유럽연합(EU)의 식품정보규칙(EU11692011)을 준수해 소비기한...",충청뉴스,2022-05-24,http://www.ccnnews.co.kr/news/articleView.html?idxno=258056
60,"국회도서관, 독일의 식품 소비기한 표시제 입법례 소개","국회도서관은 24일 '독일의 식품 소비기한 표시제 입법례'를 소개한 '최신외국입법정보'(2022-13호, 통권 제194호)를 발간했다. 식품의약품안전처는 '식품표시광고법' 개정에 따라 2023년부터 소비기한 표시제를 도입할...",신아일보,2022-05-24,http://www.shinailbo.co.kr/news/articleView.html?idxno=1555034
61,내년부터 '유통기한'→'소비기한' 변경...독일 입법례는?,"국회도서관, '독일의 식품 소비기한 표시제 입법례' 발간 국회도서관은 「독일의 식품 소비기한 표시제 입법례」를 소개한 『최신외국입법정보』(2022-13호, 통권 제194호)를 발간했다고 24일 밝혔다. 식품의약품안전처는...",M이코노미,2022-05-24,http://www.m-economynews.com/news/article.html?no=33544
62,내년부터 ‘유통기한’ 아닌 ‘소비기한’ 보고 구매한다,소비기한 표시제를 주도한 식품의약품안전처는 경제협력개발기구(OECD) 주요 국가에서 소비기한을 사용하는 국제적 추세를 반영하고 식품 폐기물 감소에 따른 탄소중립 실현을 기대하고 있다. 국내에선 1985년...,문화일보,2022-05-12,http://www.munhwa.com/news/view.html?no=2022051201032730129001
63,[스페셜리포트]못난이 식품도 버릴 순 없다…'리퍼브매장'·'소비기한 표시제'가 뜬다,내년 1월부터는 현행 유통기한 대신 실제 섭취가능한 기간을 표시하는 ‘소비기한 표시제’가 시행되면서 식품 리퍼브 시장은 더욱 덩치를 불릴 것으로 전망된다. ◇기업은 '음식물 쓰레기 제로' 도전…내년부터는...,이투데이,2022-05-09,https://www.etoday.co.kr/news/view/2130248
64,"의령군, ‘소비기한 표시제’ 홍보물 배부",경남 의령군은 '식품 등의 표시·광고에 관한 법률' 개정에 따른 '소비기한 표시제' 도입과 관련하여 축산물 영업장을 대상으로 관련 법령 홍보물을 배부한다고 3일 밝혔다. 군은 2023년 1월 1일부터 시행되는 “소비기한...,신아일보,2022-05-03,http://www.shinailbo.co.kr/news/articleView.html?idxno=1547276
65,"2023년부터 시행되는 '소비기한 표시제' 알아보기","2023년 1월 1일부터 '소비기한 표시제'가 시행된다고 합니다. 소비기한과 유통기한의 차이점은 무엇이고, 시행되면 무엇이 달라질까요? 자세히 알아봅시다.",시빅뉴스,2022-04-26,http://www.civicnews.com/news/articleView.html?idxno=33755
66,"식품업계가 알아야 할 새 용어 정의…'품질안전한계기간', '소비기한', '권장소비기한'",이번 소비기한 설정기준 개정은 소비기한 표시제로 개선하는 내용으로 지난해 8월 17일 개정된 '식품 등의 표시ㆍ광고에 관한 법률'이 내년 1월 1일부터 시행되는데 따른 것이다. 주요 내용을 보면 '품질안전한계기간...,식품저널 foodnews,2022-04-21,http://www.foodnews.co.kr/news/articleView.html?idxno=96533
67,유통기한 대신 '소비기한' 도입...탄소중립까지 일석이조 효과!,"내년 1월 1일부터 유통기한 대신 '소비기한표시제'가 시작된다. 식품에는 날짜표시의 종류에는 제조일자, 유통기한, 품질유지기한, 소비기한이 있고 제품의 특성에 따라 표시하고 있다. '소비기한'은 표시된 조건에서...",열린뉴스통신,2022-04-08,https://www.onews.tv/news/articleView.html?idxno=121145
68,내년 도입 '소비기한 표시제' 준비 박차,"식품의약품안전처(처장 김강립, 이하 식약처)가 내년부터 도입되는 '소비기한 표시제' 시행에 앞서 식품별 세부 표시기준을 규정하는 '식품 등의 표시기준'을 31일 개정·고시했다. 이와 함께 관련 정보를 한 번에 쉽게...",대한급식신문,2022-04-04,http://www.fsnews.co.kr/news/articleView.html?idxno=45231
69,"식약처, 소비기한 표시제 도입 준비","소비기한 표시제도 개요 ‘식품등의 표시기준’의 주요 개정내용은 ▲유통기한 정의를 삭제하고 소비기한 정의를 신설, ▲유통기한 용어를 소비기한으로 변경한다. 또 소비자·영업자가 소비기한의 내용을 쉽게 이해할...",메디컬월드뉴스,2022-04-01,http://medicalworldnews.co.kr/news/view.php?idx=1510948760
70,유통기한 대신 쓰게될 소비기한 정보 한눈에,정부는 소비자에게 섭취 가능한 날짜에 대한 명확한 정보를 제공해 그동안 버려지던 식품 폐기물을 줄여 탄소중립 실현에 기여하자는 취지에서 소비기한 표시제를 도입해 내년부터 시행할 예정이다. 이에 앞서 소비자...,충청일보,2022-03-31,https://www.ccdailynews.com/news/articleView.html?idxno=2120732
71,소비기한 표시제 도입 위해 '식품등의 표시기준' 개정 고시,식약처는 내년 1월 1일 소비기한 표시제 시행에 앞서 식품별 세부 표시기준을 규정하는 '식품등의 표시기준'을 개정했다. 사진=식품저널DB 식품의약품안전처(처장 김강립)는 내년 1월 1일 소비기한 표시제 시행에 앞서...,식품저널 foodnews,2022-03-31,http://www.foodnews.co.kr/news/articleView.html?idxno=96258
72,"[게시판] 식약처, 소비기한 표시제 홍보 누리집 개설",▲ 식품의약품안전처는 31일 내년 1월1일부터 시행되는 소비기한 표시제에 앞서 관련 정보를 쉽게 찾아볼 수 있는 교육·홍보 전용 누리집을 식품안전나라(foodsafetykorea.go.kr) 홈페이지에 개설한다고 밝혔다....,연합뉴스,2022-03-31,http://yna.kr/AKR20220331055700530?did=1195m
73,식품 등 표시기준에 '유통기한→소비기한'으로 변경,▲ 식품의약품안전처 전경 (사진=식품의약품안전처 제공) 식품의약품안전처는 내년 1월1일 소비기한 표시제 시행에 앞서 식품별 세부 표시기준을 규정하는 ‘식품등의 표시기준’을 개정‧고시하고 관련 정보를 한 번에...,메디컬투데이,2022-03-31,https://mdtoday.co.kr/news/view/1065572629214852
74,내년 시행 앞둔 '소비기한' 홍보 주력,식품의약품안전처(처장 김강립)는 2023년 소비기한 표시제 시행에 앞서 식품별 세부 표시기준을 규정하는 '식품 등의 표시기준'을 31일 개정‧고시하고 관련 정보를 한 번에 쉽게 찾아볼 수 있는 소비기한 교육‧홍보...,의학신문,2022-03-31,http://www.bosa.co.kr/news/articleView.html?idxno=2170896
75,소비기한 표시제로 현명하게 먹고살기,이러한 혼란을 방지하고 소비자에게 명확한 정보를 제공하고자 소비기한 표시제를 도입하게 된 것이다. 소비기한 표시제 도입에 따른 여러 장점 중 하나는 식량 낭비 감소를 통해 환경 보호를 실천할 수 있다는 것이다. 즉...,헤드라인제주,2022-03-25,http://www.headlinejeju.co.kr/news/articleView.html?idxno=479779
76,"'소비기한 표시제', 소비자 눈으로 준비해야",식품의 '소비기한표시제'가 2023년 1월부터 시행될 예정이다. 1985년 도입된 '유통기한표시제'가 38년 만에 바뀌게 되는 것이다. 다만 우유는 여건상 2031년에 도입하기로 되어 있다. 소비기한이란 제반 보관조건을 준수할...,디트뉴스24,2022-03-22,http://www.dtnews24.com/news/articleView.html?idxno=721563
77,"한국식품산업협회, '소비기한 표시제' 연착륙 시켜…식품산업 경쟁력 업그레이드",협회는 올해 25억원의 예산으로 식품산업 현장에 맞는 ‘소비기한 표시제도’ 정착 지원을 시작한다. 협회는 연구사업 기간 동안 △식품유형별 권장 소비기한 설정 및 품질 한계기간 도출 △권장 소비기한 설정을 위한...,한국경제,2022-03-22,https://www.hankyung.com/economy/article/2022032210121
78,[전문가 칼럼]소비기한 표시제로 구현하는 음식물 쓰레기 줄이기,내년부터 소비기한 표시제가 시행된다. 우유를 제외한 대부분 가공식품과 계란에는 앞으로 소비기한을 표시해야 한다. 그동안 우리에게는 식품의 유통기한이 익숙한 개념이었다. 1985년 도입돼 35년 넘게 사용된...,동아일보,2022-03-17,https://www.donga.com/news/article/all/20220317/112368778/1
79,[가고파] 소비기한- 주재옥(편집부 기자),▼한국은 1985년 식품을 안전하게 소비하자는 취지에서 유통기한 표시제를 도입했다. 그러나 이 제도는 오히려 식품 낭비라는 문제를 가져왔다. 유통기한은 유통업체가 제품을 판매할 수 있는 마지막 시점을 의미하지만...,경남신문,2022-03-14,http://www.knnews.co.kr/news/articleView.php?idxno=1371976
80,영업자 지원 위한 식품별 권장 소비기한 설정 연구사업 추진,식품산업협회는 1차년도 사업예산 25억 원으로 식품산업 현장에 맞는 소비기한 표시제도 정착 지원에 나섰다. 식품산업협회는 연구사업 기간 동안 △식품유형별 권장 소비기한 설정(200개 식품유형)과 품질한계 기간 도출...,농수축산신문,2022-03-14,http://www.aflnews.co.kr/news/articleView.html?idxno=223228
81,식품산업협회 '소비기한 표시제도' 정착 지원,"연구사업은 올해부터 2025년까지 총 100억원 규모의 예산이 투입될 예정으로, 협회는 1차 년도 사업예산 25억원으로 식품산업 현장에 맞는 '소비기한 표시제도' 정착 지원의 첫발을 내디뎠다. 협회는 연구사업 기간 동안...",보건뉴스,2022-03-14,http://www.bokuennews.com/news/article.html?no=214168
82,"한국식품산업협회, '소비기한 표시제도' 정착 지원","이번 연구사업은 올해부터 오는 2025년까지 총 100억원 규모의 예산이 투입될 예정으로, 협회는 1차 년도 사업예산 25억원으로 식품산업 현장에 맞는 '소비기한 표시제도' 정착 지원의 첫발을 내디뎠다고 전했다. 협회는...",파이낸셜뉴스,2022-03-11,http://www.fnnews.com/news/202203111354449908
83,"식품산업협회, '소비기한 표시제' 정착 지원","이번 연구사업은 올해부터 2025년까지 총 100억 원 규모의 예산이 투입될 예정으로, 협회는 1차 년도 사업예산 25억 원으로 식품산업 현장에 맞는 '소비기한 표시제도' 정착 지원의 첫발을 내디뎠다.​ 협회는 연구사업 기간...",의학신문,2022-03-11,http://www.bosa.co.kr/news/articleView.html?idxno=2169632
84,"식품산업협회, 올 25억 예산으로 50개 식품유형 소비기한 예측 모델 제시","사진=식품저널DB 한국식품산업협회(회장 이효율)가 이달부터 식품의약품안전처의 '영업자 지원을 위한 식품별 권장 소비기한 설정' 연구사업을 본격 추진, 식품산업 현장에 맞는 소비기한 표시제도 정착 지원에 나선다....",식품저널 foodnews,2022-03-11,http://www.foodnews.co.kr/news/articleView.html?idxno=96003
85,"내년 시행 '소비기한 표시제' 100억 투입, 200개 식품유형 권장기한 설정","사진=식품저널DB 식품의약품안전처는 내년 1월 1일부터 시행되는 소비기한 표시제를 위해 올해부터 2025년까지 100억원 규모를 투입, 권장소비기한 설정 등 소비기한 제도 안착을 위한 지원에 나선다. 이를 위해...",식품저널 foodnews,2022-03-07,http://www.foodnews.co.kr/news/articleView.html?idxno=95951
86,'유통기한'이 소비자 중심 '소비기한'으로 변경,"이에 소비자 혼란을 방지하고, 식품의 안전을 담보하면서 더불어 식품 폐기물 감소가 가능하도록 소비자 중심의 소비기한 표시제로 개선해 식품산업의 패러다임 변화에 선제적으로 대응하기 위해 소비기한 표시제를...",국제뉴스,2022-02-20,http://www.gukjenews.com/news/articleView.html?idxno=2411982
87,내년부터 소비기한 표시제 시행...'유통기한'→'소비기한'으로 변경,"유통기한은 소비자가 식품의 폐기시점 등으로 오인할 수 있어 ODEX(국제식품규격위원회) 및 선진국에서는 식품 섭취가 가능한 기한인 소비기한 표시제 사용을 권고하고 있다. 이에 소비자 혼란을 방지하고, 식품의 안전을...",헤드라인제주,2022-02-20,http://www.headlinejeju.co.kr/news/articleView.html?idxno=476863
88,자연상태 식품 '소비기한' 경과제품 판매 금지,사진=식품저널DB 식품의약품안전처는 유통기한 대신 소비기한 표시제로 개선하는 내용으로 개정된 '식품 등의 표시ㆍ광고에 관한 법률'이 내년 1월 1일부터 시행될 예정인 가운데 '식품등의 표시기준 일부개정고시...,식품저널 foodnews,2022-02-15,http://www.foodnews.co.kr/news/articleView.html?idxno=95705
89,[이철 교수의 스마트푸드 비즈] 소비기한 표시제와 스마트 패키징,"여기에, 소비자 중심의 소비기한 표시제로 개선해 식품산업의 패러다임 변화에 선제적으로 대응하려 한다고 덧붙이고 있다. 이러한 법 개정은 확실히 식품 폐기물 감소라는 긍정적인 효과로 이어질 것이다. 그러나...",식품저널 foodnews,2022-02-10,http://www.foodnews.co.kr/news/articleView.html?idxno=95657
90,"1년 후엔 유통기한 대신 ‘소비기한’…“폐기물 줄지만 위생‧보관문제 난감”","국제식품규격위원회(CODEX) 선진국에서는 소비기한 표시제 사용을 권고하고 있다. 유럽, 캐나다 등에서는 소비기한을 도입하고 있다. 식품기업들은 소비기한 도입을 통한 식품 폐기물 감축에 대해서는 대체로 동의한다는...",데일리안,2022-01-04,https://www.dailian.co.kr/news/view/1069760/?sc=Naver
91,"""1년 뒤면 식품에서 유통기한 사라져""… 식약처, 소비기한제 도입 앞두고 설명회 개최",식품의약품안전처는 소비기한제 도입을 1년 앞두고 '소비기한 표시제 온라인 설명회'를 열었다. 사진=연합뉴스 앞으로 식품 유통에 사용됐던 유통기한 대신 소비기한이 도입된다. 앞서 1985년 마련된 유통기한 제도는 30년...,매일일보,2021-12-22,http://www.m-i.kr/news/articleView.html?idxno=885799
92,"'소비기한' 선적용 불가… 도입 앞두고 또 잡음 ""전형적 탁상행정""",식품의약품안전처는 22일 오후 2시 '소비기한 표시제 온라인 설명회'를 열고 소비기한 표시제 도입에 대한 정책 방향을 설명했다. 식약처는 '소비기한 도입 식품표시광고법 개정안'이 통과됨에 따라 2023년 1월 1일부터...,뉴데일리,2021-12-22,https://biz.newdaily.co.kr/site/data/html/2021/12/22/2021122200121.html
93,[소비자기후행동 칼럼] '소비기한표시제' 도입 전 충분히 준비해야,소비기한표시제는 가장 효과적으로 음식물 쓰레기를 줄여 이로 인한 환경 오염과 자원낭비를 줄이는 방법이다. 식품안전정보원에 따르면 가정에서 유통기한을 이유로 섭취 가능한 식품을 폐기함에 따라 발생하는 식품...,아시아경제,2021-12-14,https://view.asiae.co.kr/article/2021121414234854892
94,‘유통기한’ 대신 ‘소비기한’… 식품 선택권 늘리고 쓰레기는 줄인다,◇연간 1조 원 정도 음식물 쓰레기 처리 비용 감소= 정부가 소비기한 표시제를 도입하려는 주된 이유는 안전하고 정확한 식품 소비를 유도해 국민 건강을 보호하고 멀쩡한 음식을 버리는 것을 줄이기 위해서다....,문화일보,2021-11-11,http://www.munhwa.com/news/view.html?no=2021111101032703325001
95,"2031년부터 우유류 소비기한 표시 적용","이번 개정안은 식품 등 폐기물 감소와 탄소중립 실현을 위한 국제 흐름에 발맞추기 위해 소비기한 표시제도를 도입하는 내용으로 '식품 등의 표시ㆍ광고에 관한 법률'이 지난 8월 17일 개정됨에 따라, 법률에서 위임된...",대한급식신문,2021-11-07,http://www.fsnews.co.kr/news/articleView.html?idxno=44538
96,"2023년부터 식품에 '소비기한' 표시…우유는 2031년부터","소비기한 표시제는 국민 인식 전환과 업계의 준비 등 제도의 안정적 시행을 위해 유예기간을 두어 2023년부터 본격 시행된다. 식약처는 우유류의 소비기한 표시 시행 시점을 2031년으로 정했다. 우유, 환원유 등은 위생적...",뉴스1,2021-11-06,https://www.news1.kr/articles/?4484830
97,"2023년부터 유통기한→소비기한으로 바뀐다","2023년부터 소비기한 표시제가 본격적으로 시행된다. 우유류는 2031년부터 적용된다. 식품의약품안전처는 지난 5일 현재 식품 등에 표시되는 유통기한 대신 소비기한을 표시하도록 하는 내용을 담은 '식품 등의 표시...",머니S언론사 선정,2021-11-06,http://moneys.mt.co.kr/news/mwView.php?no=2021110518028030550
98,"2023년부터 식품 '유통기한' 이 '소비기한'으로 바뀐다",소비기한 표시제는 국민 인식 전환과 업계의 준비 등 제도의 안정적 시행을 위해 유예기간을 두고 2023년부터 본격 시행된다. 특히 식품의 안전을 담보하기 위해 추가적으로 유통과정에서 품질관리 강화가 필요한 일부...,우먼타임스,2021-11-05,http://www.womentimes.co.kr/news/articleView.html?idxno=54339
99,'유통기한'이 '소비기한'으로 바뀐다,소비기한 표시제는 국민의 인식 전환과 업계의 준비를 위한 유예 기간이 필요하다는 점을 감안해 2023년부터 본격 시행된다. 다만 추가적으로 유통 과정에서 품질관리 강화가 필요한 일부 품목에 대해서는 시행 시기(8년...,이코노텔링,2021-11-05,http://www.econotelling.com/news/articleView.html?idxno=5804
100,"2023년부터 식품에 유통기한 대신 소비기한 표시…우유는 2031년에 시작","소비기한 표시제는 국민 인식 전환, 업계 준비 등 제도의 안정적 시행을 위한 유예기간을 두고 2023년부터 본격 시행된다. 식약처는 식품의 안전을 담보하기 위해 추가적으로 유통과정에서 품질관리 강화가 필요한 일부...",한국면세뉴스,2021-11-05,http://www.kdfnews.com/news/articleView.html?idxno=82398
101,"2023년부터 식품에 '소비기한' 표시...우유는 2031년부터 적용",국회는 지난 8월 '유통기한'을 '소비기한'으로 바꾸는 소비기한 표시제를 도입한 식품 표시·광고법 개정안을 통과시켰다. 이번 시행령과 시행규칙 개정안에서는 법률에서 위임한 일부 품목과 그 품목의 시행 시기를...,스마트경제,2021-11-05,http://www.dailysmart.co.kr/news/articleView.html?idxno=51949
102,"식약처, 유통기한 대신 '소비기한 표시' … 2023년부터 본격화",소비기한 표시제는 국민 인식 전환과 업계의 준비 등 제도의 안정적 시행을 위해 유예기간을 두어 2023년부터 본격 시행된다. 개정안에서 위생적 관리와 품질유지를 위해 냉장 보관기준 개선이 필요한 품목을 우유류로...,세이프타임즈,2021-11-05,http://www.safetimes.co.kr/news/articleView.html?idxno=102942
103,"식품 등 소비기한 표시제도, ""적용시기・품목 구체화""",이번 개정안은 식품 등 폐기물 감소와 탄소중립 실현을 위한 국제 흐름에 발맞추기 위해 소비기한 표시제도를 도입하는 내용으로 8월 17일 '식품 등의 표시・광고에 관한 법률'이 개정됨에 따라 법률에서 위임된 사항과...,베이비타임즈,2021-11-05,http://www.babytimes.co.kr/news/articleView.html?idxno=52068
104,"2023년부터 '유통기한'→'소비기한'",앞서 국회는 지난 8월 유통기한을 소비기한으로 변경하는 '소비기한 표시제'를 도입한 식품 표시·광고법 개정안을 통과시켰다. 이번 시행령과 시행규칙 개정안에서는 법률에서 위임한 일부 품목과 그 품목의 시행 시기를...,스트레이트뉴스,2021-11-05,http://www.straightnews.co.kr/news/articleView.html?idxno=118707
105,"2023년부터 식품에 '소비기한' 표시…우유는 2031년부터",국회는 지난 8월 '유통기한'을 '소비기한'으로 바꾸는 소비기한 표시제를 도입한 식품 표시·광고법 개정안을 통과시켰다. 이번 시행령과 시행규칙 개정안에서는 법률에서 위임한 일부 품목과 그 품목의 시행 시기를...,뉴스케이프,2021-11-05,http://www.newscape.co.kr/news/articleView.html?idxno=74677
106,유통기한→'소비기한'으로 바뀐다,▲'섭취 가능' 소비기한 표시제 2023년 시행…우유류는 2031년부터(사진출처=연합뉴스) 식품 '유통기한'이 소비자가 실제로 섭취할 수 있는 기한을 나타낸 '소비기한'으로 바뀌게 된다. 국회는 지난 8월 '유통기한'을...,데일리굿뉴스,2021-11-05,https://www.goodnews1.com/news/articleView.html?idxno=400254
107,'섭취 가능' 소비기한 표시제 2023년 시행…우유류는 2031년부터,국회는 지난 8월 '유통기한'을 '소비기한'으로 바꾸는 소비기한 표시제를 도입한 식품 표시·광고법 개정안을 통과시켰습니다. 이번 시행령과 시행규칙 개정안에서는 법률에서 위임한 일부 품목과 그 품목의 시행 시기를...,SBS언론사 선정,2021-11-05,https://news.sbs.co.kr/news/endPage.do?news_id=N1006524041&plink=ORI&cooper=NAVER
108,"식약처, 2023년부터 소비기한 표시제 시행…우유는 2031년부터",식품의약품안전처가 2023년부터 소비기한 표시제 시행을 2023년부터 적용한다는 입법예고안을 발표했다. [사진=연합뉴스] 정부가 2023년부터 소비기한 표시제 시행을 2023년부터 적용한다는 입법예고안을 발표했다. 식품...,이뉴스투데이,2021-11-05,http://www.enewstoday.co.kr/news/articleView.html?idxno=1524355
109,"23년부터 식품 '유통기한'대신 '소비기한'으로, 우유류는 31년부터","식약처는 ""이번 개정안은 식품 등 폐기물 감소와 탄소중립 실현을 위한 국제 흐름에 발맞추기 위해 소비기한 표시제도를 도입하는 내용으로 '식품 등의 표시‧광고에 관한 법률'이 지난 8월 17일 개정됨에 따라, 법률에서...",데일리경제,2021-11-05,http://www.kdpress.co.kr/news/articleView.html?idxno=107981
110,'소비기한' 표시제 2023년 시행…우유류는 2031년부터,국회는 지난 8월 '유통기한'을 '소비기한'으로 바꾸는 소비기한 표시제를 도입한 식품 표시·광고법 개정안을 통과시켰다. 이번 시행령과 시행규칙 개정안에서는 법률에서 위임한 일부 품목과 그 품목의 시행 시기를...,세계비즈,2021-11-05,http://www.segyebiz.com/newsView/20211105508367?OutUrl=naver
111,"2023년 '소비기한 표시제' 본격 시행… 우유류는 2031년부터","국회는 해당 개정안을 지난 8월 통과시켰으며 이번 시행령과 시행규칙 개정안에서는 법률에서 위임된 일부 품목과 그 품목의 시행 시기를 정했다. 천지일보,소비기한표시제,유통기한,2023년부터,시행",천지일보,2021-11-05,http://www.newscj.com/news/articleView.html?idxno=918495
112,"2023년부터 유통기한→소비기한…우유는 2031년",'유통기한'을 '소비기한'으로 바꾸는 소비기한 표시제를 도입한 식품 표시·광고법 개정안은 앞서 지난 8월 국회를 통과했습니다. 식약처는 우유류는 냉장 보관기준 개선 등이 필요한 점을 감안해 시행 시점을 다른...,연합뉴스TV언론사 선정,2021-11-05,http://www.yonhapnewstv.co.kr/MYH20211105010400038/?did=1825m
113,"2023년부터 유통기한→소비기한 표시… 우유는 2031년부터","2023년부터 소비기한 표시제가 본격적으로 시행된다. 우유류는 2031년부터 소비기한 표시제가 적용된다. 식품의약품안전처는 현재 식품 등에 표시되는 유통기한 대신 소비기한을 표시하도록 하는 내용을 담은 '식품 등의...",머니투데이,2021-11-05,http://news.mt.co.kr/mtview.php?no=2021110512022531348
114,"2023년부터 유통기한 대신 소비기한 표시제 도입",국회는 지난 8월 '유통기한'을 '소비기한'으로 바꾸는 소비기한 표시제를 도입한 식품 표시ㆍ광고법 개정안을 통과시켰다. 이번 시행령과 시행규칙 개정안에서는 법률에서 위임한 일부 품목과 그 품목의 시행 시기를...,헤모필리아라이프,2021-11-05,http://www.hemophilia.co.kr/news/articleView.html?idxno=21495
115,'소비기한제도' 2023년부터 시행...품목 구체화,이번 소비기한 표시제는 품목 구체화를 두고 위생적 관리와 품질유지를 위해 냉장 보관기준 개선이 필요한 품목을 우유류로 정한다. 우유류에 대해서는 2031년부터 소비기한 표시를 적용할 수 있다. 더불어 법률 개정과...,열린뉴스통신,2021-11-05,http://www.onews.tv/news/articleView.html?idxno=96805
116,우유류 소비기한 표시제 2031년 시행…다른 식품은 내후년부터,우유류 제품의 소비기한 표시제 시행 시기가 2031년으로 정해졌다. 식품의약품안전처는 이런 내용을 담은 식품 등의 표시·광고에 관한 법률 시행령과 시행규칙 개정안을 입법예고했다고 5일 밝혔다. 국회는 지난 8월...,금융소비자뉴스,2021-11-05,http://www.newsfc.co.kr/news/articleView.html?idxno=48763
117,"2023년부터 '소비기한' 표시…우유는 2031년부터",국회는 지난 8월 '유통기한'을 '소비기한'으로 바꾸는 소비기한 표시제를 도입한 식품 표시·광고법 개정안을 통과시켰다. 이번 시행령과 시행규칙 개정안에서는 법률에서 위임한 일부 품목과 그 품목의 시행 시기를...,데일리안,2021-11-05,https://www.dailian.co.kr/news/view/1049760/?sc=Naver
118,'섭취 가능' 소비기한 표시제 2023년 시행…우유는 2031년부터,"소비기한 표시제는 오는 2023년 1월 1일부터 본격 시행되는데, 우유류는 소비기한 표시제 시행 시점이 다른 품목보다 8년 늦은 2031년으로 정해졌습니다. 식약처는 우유류의 경우 위생적 관리와 품질 유지를 위해 냉장...",TBS,2021-11-05,http://tbs.seoul.kr/news/newsView.do?typ_800=1&idx_800=3453918&seq_800=20446495
119,'섭취 가능' 소비기한 표시제 2023년 시행…우유류는 2031년부터,국회는 지난 8월 '유통기한'을 '소비기한'으로 바꾸는 소비기한 표시제를 도입한 식품 표시·광고법 개정안을 통과시켰다. 이번 시행령과 시행규칙 개정안에서는 법률에서 위임한 일부 품목과 그 품목의 시행 시기를...,뉴제주일보,2021-11-05,http://www.jejuilbo.net/news/articleView.html?idxno=172621
120,유통기한 대신 '소비기한 표시제' 2023년 시행,앞서 국회는 지난 8월 '유통기한'을 '소비기한'으로 바꾸는 소비기한 표시제를 도입한 식품 표시·광고법 개정안을 통과시켰다. 소비기한 표시제는 국민 인식 전환과 업계의 준비 등 제도의 안정적 시행을 위해...,일간스포츠,2021-11-05,http://isplus.live.joins.com/news/article/article.asp?total_id=24163178
121,식품에 소비기한 2023년 도입… 우유 2031년부터,소비기한 표시제는 국민 인식 전환과 업계의 준비 등 제도의 안정적 시행을 위해 유예기간을 두고 2023년부터 본격 시행된다. 이번 개정안은 위생적 관리와 품질유지를 위해 냉장 보관기준 개선이 필요한 품목을...,보건뉴스,2021-11-05,http://www.bokuennews.com/news/article.html?no=209707
122,오는 2023년부터 유통기한→소비기한,소비기한 표시제는 국민 인식 전환과 업계의 준비 등 제도의 안정적인 시행을 위해 유예기간을 두고 오는 2023년부터 시행된다. 우유류의 경우 소비기한 표시제 시행을 2031년부터 도입하기로 했다. 우유와 환원유 등...,키즈맘,2021-11-05,https://kizmom.hankyung.com/news/view.html?aid=202111058786o
123,'섭취 가능' 소비기한 표시제 2023년 시행…우유류는 2031년부터,유통기한 대신 소비기한 쓰는 '소비기한 표시제' 관련 시행령 입법예고 정부가 오는 2023년부터 식품에 적힌 '유통기한'을 소비자가 실제로 섭취할 수 있는 기한을 나타낸 '소비기한'으로 바꾸기로 한 가운데 우유류...,연합뉴스,2021-11-05,http://yna.kr/AKR20211105046500530?did=1195m
124,"2023년부터 식품에 ‘유통기한’ 대신 ‘소비기한’ 표시","이번 개정안은 식품 등 폐기물 감소와 탄소중립 실현을 위한 국제 흐름에 발맞추기 위해 소비기한 표시제도를 도입하는 내용으로 ‘식품 등의 표시‧광고에 관한 법률’이 지난 8월 17일 개정됨에 따라, 법률에서 위임된...",메디컬투데이,2021-11-05,https://mdtoday.co.kr/news/view/1065573837297152
125,"2023년부터 '소비기한' 본격화..우유는 2031년 부터","소비기한 표시제는 국민 인식 전환과 업계 준비 등에 시간이 필요하다는 점을 감안, 2023년부터 본격 시행된다. 추가적으로 유통과정에서 품질관리 강화가 필요한 일부 품목의 경우 시행시기(8년 이내 범위)를 하위...",파이낸셜뉴스,2021-11-05,http://www.fnnews.com/news/202111050901116710
126,"식품 유통기한, '소비기한' 전환 잰걸음","이번 개정안은 소비기한 표시제도를 도입하는 내용으로 식품 등의 표시‧광고에 관한 법률이 지난 8월 17일 개정됨에 따라, 법률에서 위임된 사항과 시행에 필요한 사항을 담았다. 소비기한 표시제는 국민 인식 전환과...",의학신문,2021-11-05,http://www.bosa.co.kr/news/articleView.html?idxno=2161679
127,"2023년 1월 식품 소비기한 표시제도 시행…우유는 2031년부터 적용","등의 소비기한 표시제가 2023년부터 본격 시행될 예정인 가운데, 위생적 관리와 품질 유지를 위해 냉장 보관기준 개선이 필요한 우유류는 2031년부터 적용할 방침이다. 식품의약품안전처(처장 김강립)는 현재 식품 등에...",식품저널 foodnews,2021-11-05,http://www.foodnews.co.kr/news/articleView.html?idxno=94535
128,"2023년부터 '유통기한' 대신 '소비기한' 표시",이번 개정안은 식품 등 폐기물 감소와 탄소중립 실현을 위한 국제 흐름에 발맞추기 위해 소비기한 표시제도를 도입하는 내용으로 '식품 등의 표시‧광고에 관한 법률'이 지난 8월 17일 개정됨에 따라 법률에서 위임된...,EBN,2021-11-05,https://www.ebn.co.kr/news/view/1506990/?sc=Naver
129,[현장에서] '소비기한표시제' 소비자 불안감도 챙겨야,"소비기한표시제 아무래도 불안하죠."" 국회가 올해 통과시킨 식품표시광고법 개정안을 두고 불만이 무성하다. 오는 2023년부터 식품을 일정 기간 '팔아도 된다'는 유통기한 대신 '먹어도 된다'는 소비기한을 표시하는 것이...",아주경제,2021-10-12,http://www.ajunews.com/view/20211008170741020
130,기억해요! 유통기한 대신 '소비기한'...2023년 1월부터 실시,"소비 가능한 기간 대비 짧은 유통기한으로 연간 1조원 규모의 음식물이 폐기되는데, 이를 먹을 수 있는 기한으로 표시를 바꿔 손실을 최소화하겠다는 취지입니다. 소비기한 표시제는 무엇인지 알아봅시다.",시빅뉴스,2021-09-28,http://www.civicnews.com/news/articleView.html?idxno=32517
131,공공비축 쌀 매입량 확대…2023년 ‘소비기한 표시제’ 시행,또 지속가능한 생산 및 소비와 불필요한 식품 쓰레기를 줄이기 위해 2023년부터 '소비기한 표시제'를 시행하기로 했다. 취약계층에 대한 먹거리 지원사업을 확대하는 등 먹거리 기본권 강화에도 나선다. 정부는 이 같은...,제주교통복지신문,2021-09-17,http://www.jejutwn.com/news/article.html?no=90972
132,음식물 낭비 줄이는 ‘소비기한 표시제’ 2023년부터 시행,"또 취약계층의 먹거리 기본권을 강화하기 위해 ‘농식품바우처’ 사업을 본격화하고, 음식물 낭비를 줄이기 위해 ‘소비기한 표시제’를 2023년부터 시행한다. 정부는 16일 홍남기 부총리 겸 기획재정부 장관 주재로...",경향신문,2021-09-16,http://biz.khan.co.kr/khan_art_view.html?artid=202109162151005&code=920100
133,유통기한 대신 ‘소비기한 표시’… 음식물 손실 줄인다,우유 등 유제품은 최장 8년 유예기간 둬 쌀 공공비축 매입물량 35만→45만t으로 2023년부터 우유 등 유제품을 제외한 식품에 유통기한이 폐지되고 소비기한 표시제가 도입된다. 먹을 수 있는 상태임에도 짧은 유통기한...,서울신문언론사 선정,2021-09-16,https://www.seoul.co.kr/news/newsView.php?id=20210917001006&wlog_tag3=naver
134,공공비축 쌀 매입량 45만톤 확대…유통기한 대신 ‘소비기한 표시제’ 시행,"◆소비기한 표시제 시행ㆍ취약계층 먹거리 보장 또 정부는 먹거리 소비단계에서 발생하는 식품 폐기물을 줄이기 위해 2023년 1월1일부터 소비기한 표시제를 시행하기로 했다. 다만, 유제품 등 냉장보관 기준 개선이...",e대한경제,2021-09-16,https://www.dnews.co.kr/uhtml/view.jsp?idxno=202109161418055050672
135,농식품바우처·소비기한 표시제 등 시행···국가식량계획 확정,"또 취약계층의 먹거리 기본권을 강화하기 위해 ‘농식품바우처’ 사업을 본격화하고, 음식물 낭비를 줄이기 위해 ‘소비기한 표시제’를 2023년부터 시행한다. 정부는 16일 홍남기 부총리 겸 기획재정부 장관 주재로...",경향신문,2021-09-16,http://biz.khan.co.kr/khan_art_view.html?artid=202109161358001&code=920301
136,공공비축 쌀 매입 45만t으로 확대…'소비기한 표시제' 시행,"또 지속가능한 생산 및 소비와 불필요한 음식물 쓰레기를 줄이고자, 오는 2023년부터 '소비기한 표시제'를 시행하고, 취약계층의 먹거리 기본권을 강화할 방침이다. 정부는 이런 내용의 국가 먹거리 종합전략인...",미디어펜,2021-09-16,http://www.mediapen.com/news/view/664105
137,공공비축 쌀 매입량 45만t으로 확대…2023년 소비기한 표시제,"또 불필요한 식품 쓰레기를 줄이기 위해 2023년부터 소비기한 표시제를 시행하고, 취약계층의 먹거리 기본권을 강화하기로 했습니다. 정부는 이 같은 내용의 '국가 식량 계획'을 오늘(16일) 오전 비상경제 중앙대책본부...",KBS,2021-09-16,https://news.kbs.co.kr/news/view.do?ncd=5281751&ref=A
138,‘유통기한’ 대신 ‘소비기한’ 표시제로 음식품 폐기 줄인다,"내년부터 식품의 유통기한 표시제가 사라지고 소비기한 표시제로 대체된다. 불필요한 식품 폐기를 줄이기 위해서다. 다만, 유제품 등은 유예기간이 부여된다. 홍남기 부총리 겸 기획재정부 장관은 16일...",한겨레,2021-09-16,https://www.hani.co.kr/arti/economy/economy_general/1011998.html
139,공공비축 쌀 매입량 35만→45만t 확대…2023년 소비기한 표시제 시행,"또 지속가능한 생산 및 소비와 불필요한 식품 쓰레기를 줄이기 위해 2023년부터 '소비기한 표시제'를 시행하고, 취약계층의 먹거리 기본권을 강화할 방침입니다. 정부는 이 같은 내용을 담은 국가 먹거리 종합전략인...",SBS Biz,2021-09-16,https://biz.sbs.co.kr/article_hub/20000031262?division=NAVER
140,공공비축 쌀 매입량 35만→45만 톤 확대…2023년 소비기한 표시제 시행,"또 지속 가능한 생산과 소비, 불필요한 식품 쓰레기를 줄이기 위해 내후년부터 '소비기한 표시제'를 시행하고, 취약계층의 먹거리 기본권을 강화하기로 했습니다. 정부는 이런 내용의 국가 먹거리 종합전략인...",SBS,2021-09-16,https://news.sbs.co.kr/news/endPage.do?news_id=N1006468111&plink=ORI&cooper=NAVER
141,공공비축 쌀 매입량 35만→45만t 확대…2023년 소비기한 표시제 시행,"또 지속가능한 생산 및 소비와 불필요한 식품 쓰레기를 줄이기 위해 2023년부터 '소비기한 표시제'를 시행하고, 취약계층의 먹거리 기본권을 강화할 방침이다. 정부는 이 같은 내용을 담은 국가 먹거리 종합전략인...",연합뉴스,2021-09-16,http://yna.kr/AKR20210916077000530?did=1195m
142,유통기한에서 소비기한으로 [알아야 보이는 법(法)],최근 ‘식품 등의 표시·광고에 관한 법률’(이하 식품표시광고법)의 개정으로 오는 2023년 1월1일부터는 식품의 유통기한 표시제도가 사라지고 소비기한 표시제도로 대체됩니다. 우리나라는 1985년 유통기한 표시제를...,세계일보,2021-09-13,http://www.segye.com/content/html/2021/09/13/20210913514423.html?OutUrl=naver
143,유통기한 사라지고 '소비기한' 도입...불필요한 식품 폐기 방지 [지식용어],"이러한 이유로 유럽연합(EU), 일본, 호주, 캐나다, 미국 등 대다수 국가는 소비기한 표시제를 도입하고 있으며, 국제식품규격위원회(CAC)도 지난 2018년 국제식품기준규격에서 유통기한 제도를 삭제하고 소비기한...",시선뉴스,2021-09-03,http://www.sisunnews.co.kr/news/articleView.html?idxno=145974
144,"""우유 두 달까지?” 2023년부터 바뀌는 소비기한","◇ 최형진: 그런데, 소비기한 표시제를 도입하면 어떤 효과가 있는 건가요? ◆ 박희라: 네, 소비기한을 도입하게 되면 식품폐기 손실비용을 줄일 수 있습니다. 식품 유통기한의 경우, 일정기간 유통기한이 경과하여도...",YTN라디오,2021-09-02,https://radio.ytn.co.kr/program/?f=2&id=78535&s_mcd=0433&s_hcd=01
145,"""우유 두 달까지?"" 2023년부터 바뀌는 소비기한","◇ 최형진: 그런데, 소비기한 표시제를 도입하면 어떤 효과가 있는 건가요? ◆ 박희라: 네, 소비기한을 도입하게 되면 식품폐기 손실비용을 줄일 수 있습니다. 식품 유통기한의 경우, 일정기간 유통기한이 경과하여도...",YTN,2021-09-02,https://www.ytn.co.kr/_ln/0103_202109021231231510
146,소비기한 표시제 도입에 따른 식품업계와 학계의 미션,"천지연 제주대 식품생명공학과 교수 몇 해 전부터 특히, 작년에 식품 및 법률 등 분야 많은 전문가가 소비기한 표시제를 알리고, 해당 제도 도입에 따른 여러 이점을 다양한 매체를 통해 소개했다. 지난 7월 24일 '식품...",식품저널 foodnews,2021-08-27,http://www.foodnews.co.kr/news/articleView.html?idxno=93654
147,[이슈 짚기] 이제 '유통기한' 아닌 '소비기한'을 보세요,"미국과 유럽연합(EU), 일본 등 대다수 국가는 소비기한 표시제를 도입하고 있다. 국제식품규격위원회(CAC)도 2018년 국제식품기준규격에서 유통기한 제도를 삭제하고 소비기한 표시제도를 권고했다. 유엔식량농업기구(FAO)...",우먼타임스,2021-08-26,http://www.womentimes.co.kr/news/articleView.html?idxno=53711
148,<오후여담>유통기한과 소비기한,"미국, 유럽, 일본, 중국 등을 포함해 소비기한 표시제를 사용하는 게 세계적인 추세다. 소비기한 표시로 바꾸면 폐기되는 식품을 줄여 자원 절약과 물가 안정에도 도움이 된다. 미국에서 버려지는 식품은 매년 약 200조 원...",문화일보,2021-08-25,http://www.munhwa.com/news/view.html?no=2021082501033011000001
149,“유통기한 지났다고 버리지 마세요”... 소비기한 표기 식품 국내 첫 출시,"미국, 유럽 등 일부 국가에서는 이미 소비기한 표시제를 시행하고 있다. 국제식품규격위원회(CODEX) 역시 유통기한을 식품의 폐기 시점으로 오인할 수 있기 때문에 식품 섭취 가능 기한인 소비기한 표시제 사용을 권고하고...",더나은미래,2021-08-23,https://futurechosun.com/?p=58451
150,"아이쿱생협, 국내 첫 소비기한 표시식품 선보여","2023년 1월 부터는 소비기한표시제가 본격적으로 도입된다. 고영갑 ㈜농업법인쿱도우 팀장은 ""소비기한을 통해 식품을 기한까지 최대한 먹을 수 있어 소비자도 생산자도 불필요한 낭비를 줄일 수 있다""며 ""앞으로 생산되는...",대한급식신문,2021-08-23,http://www.fsnews.co.kr/news/articleView.html?idxno=44025
151,‘버릴까’ 유통기한 대신 ‘먹을까’ 소비기한 표기한 제품 국내 첫 출시,"현재는 1985년 도입된 유통기한 표시제에 따라 유통기한 위주로 일자 표시가 적용되고 있다. 식품의약품안전처에 따르면 유통기한 대신 소비기한이 표기될 경우 우유는 14일에서 17일, 액상커피는 77일에서 88일...",한겨레언론사 선정,2021-08-23,https://www.hani.co.kr/arti/society/environment/1008726.html
152,"아이쿱생협, 소비기한 표시한 냉동만두 선봬","2023년 1월 부터는 소비기한표시제가 본격적으로 도입된다. 고영갑 ㈜농업법인쿱도우 팀장은 ""소비기한을 통해 식품을 기한까지 최대한 먹을 수 있어 소비자도 생산자도 불필요한 낭비를 줄일 수 있다""며 ""앞으로...",이로운넷,2021-08-23,https://www.eroun.net/news/articleView.html?idxno=25981
153,"아이쿱생협, 국내 첫 소비기한 표기 만두 시판","개정안에 따라, 2023년 1월부터 소비기한 표시제가 도입되고, 1985년 도입된 유통기한은 37년만에 역사 속으로 사라지게 된다. 단, 우유 등 유통과정에서 변질이 우려되는 일부 품목은 유통환경 정비를 고려해 유예기한을...",식품저널 foodnews,2021-08-23,http://www.foodnews.co.kr/news/articleView.html?idxno=93596
154,"건강기능식품도 ""유통기한 대신 소비기한 표시한다""","건강기능식품에도 유통기한 대신 소비기한이 표시될 예정이다. 관련 내용을 포함한 식품 등의 표시·광고에... 유통기한 표시제를 지속적으로 운영하고 있어 국내 기술력 발전이 지체되고, 국제적 경쟁력 확보에 어려움을...",약사공론,2021-08-18,https://www.kpanews.co.kr/article/show.asp?idx=224868&category=B
155,[M-커버스토리] 사라지는 유통기한…그 자리를 채우는 소비기한,앞서 복지위에서 우유의 소비기한 표시제를 2026년 도입하기로 했다가 전체회의에서 시행 시기를 최장 2031년까지 연장할 수 있도록 법안을 수정해 통과시켰다. 국회가 이같은 법안을 통과시키게 된 데는 유통기한은...,메트로신문,2021-08-12,http://www.metroseoul.co.kr/article/20210812500384
156,[M-커버스토리] 소비기한 찬반 논란…도입 시 달라지는 점은?,소비자기후행동 시민단체 회원들이 지난 6월 서울 여의도 국회 정문 앞에서 소비기한표시제 도입을 촉구하는 기자회견을 하고 있다. /뉴시스 환경단체는 이번 소비기한 표시제를 대체로 환영한다며 쌍수를 들었다....,메트로신문,2021-08-12,http://www.metroseoul.co.kr/article/20210812500386
157,"[법리남] ‘유통기한’ 아닙니다, ‘소비기한’입니다",소비자기후행동과 아이쿱생협연합회 회원들이 지난 6월 16일 오전 서울 여의도 국회 앞에서 기자회견을 열고 소비기한표시제 도입을 촉구했다. 쿠키뉴스 DB “우유와 10분째 대치 중이다. 우유 팩 상단에 적힌...,쿠키뉴스,2021-08-09,http://www.kukinews.com/newsView/kuk202108090185
158,[기고] '소비기한 표시제도'로 소비자 안전보장 기대,"그렇다고 소비기한 표시제를 새로 도입하는 것이 단순히 식품을 유통·판매할 수 있는 기한이 늘어나는 것으로만 이해할 문제는 아니다. 섭취 기한 명확화, 안전에 도움 한국소비자단체협의회는 5월 소비자들을 대상으로...",내일신문,2021-08-04,http://www.naeil.com/news_view/?id_art=394732
159,'유통기한' 대신 '소비기한'... 왜 우유만 뺐을까?,유통기한 대신 소비기한 전격 도입 유통기한 대신 소비기한 표시제를 전격 도입하겠다는 식약처의 결정은 폐기물을 줄이기 위해서다. 한국보건산업진흥원이 발표한 자료에 따르면 유통기한으로 버려지거나 반품되는...,헬스조선언론사 선정,2021-08-04,https://health.chosun.com/site/data/html_dir/2021/08/04/2021080400674.html
160,"소비기한 도입, 진정한 소비자시대 열까... '안전기준' 신뢰성 확보돼야",국제식품규격위원회(CODEX) 및 선진국에서는 유통기한은 소비자가 식품의 폐기 시점 등으로 오인할 수 있어 식품 섭취가 가능한 기한인 소비기한 표시제 사용을 권고하고 있다. 또한 우리나라에 비해 식량자급률이...,베타뉴스,2021-08-03,http://www.betanews.net:8080/article/1274462.html
161,"2023년부터 유통기한 대신 소비기한...""우유는 빼고""",◇ 소비기한 표시제로 식품 폐기율 및 탄소 배출 저감 기대 소비자기후행동에 따르면 6월 17일 보건복지위원회 법안심사소위에서는 2023년부터 소비기한표시제를 도입하고 우유는 3년의 유예 기간을 두는 것으로...,그린포스트코리아,2021-08-03,http://www.greenpostkorea.co.kr/news/articleView.html?idxno=129846
162,"소비기한, 2023년 1월 시행으로 확정","낙농가와 우유업계는 그동안 ""식품 중에서도 유제품은 변질 가능성이 비교적 높고, 유통 환경에 많은 영향을 받는 것에 반해 냉장 유통체계와 관련 법령이 미비하다""는 이유로 소비기한 표시제를 강하게 반대해왔다....",대한급식신문,2021-07-30,http://www.fsnews.co.kr/news/articleView.html?idxno=43674
299,소비기한표시제 도입 촉구 기자회견,소비자기후행동 시민단체 회원들이 16일 서울 여의도 국회 정문 앞에서 소비기한표시제 도입을 촉구하는 기자회견을 하고 있다. 2021.06.16. bjko@newsis.com 공감언론 뉴시스가 독자 여러분의 소중한 제보를...,뉴시스,2021-06-16,http://www.newsis.com/view/?id=NISI20210616_0017565621
163,"‘소비기한 유예’ 한숨 돌린 유업계, 이번엔 가격 인상 고민되네","정부가 올해 안으로 추진하겠다고 밝힌 ‘소비기한 표시제’가 10년 유예된 가운데, 원유(原乳) 값 인상이 코앞으로 다가오면서 우유업계의 고민이 깊어지고 있다. 원재료 값 부담에 따른 가격인상이 불가피해졌지만...",데일리안언론사 선정,2021-07-30,https://www.dailian.co.kr/news/view/1016954/?sc=Naver
164,[기자수첩] 유예기간 10년 연장이 유업계 '소비기한 논란' 잠재울 수 없다,"24일 국무회의에서 소비기한 표시제를 골자로 한 '식품 등 표시‧광고법'이 국회 본회의를 통과하면서다. 유통기한은 소비자에게 판매가 허용되는 기간으로 그 기간이 경과해도 섭취가 가능하나, 유통기한이 경과한...",이뉴스투데이,2021-07-29,http://www.enewstoday.co.kr/news/articleView.html?idxno=1499682
165,유통기한 대신 이제는 '소비기한',개정된 식품 등 표시·광고법에 따라 오는 2023년 1월 1일부터 식품 유통기한 표시제가 소비기한 표시제로 변경된다. 제품 제조일로부터 소비자에게 유통·판매가 허용되는 기간(유통기한)에서 소비자가 보관 조건을...,금강일보,2021-07-28,http://www.ggilbo.com/news/articleView.html?idxno=860911
166,[입법공감] '유통기한 사라진다'...내후년부터 소비기한 적용,"지난 13일 복지위 전체회의에서 국민의힘 김미애 의원은 ""당초 소비·유통기한 동시 표시제 도입안도 있었는데 소비자 입장에서 알권리를 보호하고 안전성 확보에도 용이해 동시 표시제가 더 필요한 것 같지 않나""고...",공감신문,2021-07-28,http://www.gokorea.kr/news/articleView.html?idxno=710545
167,'유통기한 보다 낫다?'..소비기한 도입 앞둔 식품업계 속사정,"세계적으로도 소비기한 표시제 사용을 권고하고 있는 추세도 뒷받침된다. 현재 유럽과 캐나다, 영국, 일본 등은 유통기한 대신 소비기한을 표기하고 있다. 미국은 유통기한과 소비기한을 자율적으로 표기한다. 정부는...",한스경제,2021-07-28,https://www.sporbiz.co.kr/article/20210728570224
168,"2023년부터 '유통기한' 판매기한서 소비기한으로 바뀐다",개정된 식품표시법에 따르면 2023년 1월1일부터 식품 유통기한 표시제가 소비기한 표시제로 변경된다. 이에 따라 제품의 제조일로부터 소비자에게 유통·판매가 허용되는 기간이 아닌 소비자가 보관 조건을 준수했을 경우...,베타뉴스,2021-07-28,http://www.betanews.net:8080/article/1273552.html
169,"소비기한 표시제, 국회 본회의 통과","소비기한 표시제가 시행된다면 소비자와 식품업계에 도움이 되는 것은 물론, 음식물 폐기로 인한 탄소 배출량을 감소시킬 수 있을 것으로 예상됩니다. 2023년 1월부터 시행 예정입니다.",에스콰이어,2021-07-27,http://www.esquirekorea.co.kr/article/57203
170,식약처 '소비기한 표시제' 2023년부터 도입,유럽연합(EU) 등 대다수 국가는 소비기한 표시제를 도입하고 있다. 국제식품규격위원회도 2018년 국제식품기준규격에서 유통기한 제도를 삭제하고 소비기한 표시제도를 권고하고 있다. 소비기한 표시제는 국민 인식 전환과...,세이프타임즈,2021-07-27,http://www.safetimes.co.kr/news/articleView.html?idxno=97980
171,'유통기한' 대신 '소비기한' 표시제 2023년부터 시행한다,소비기한 표시제는 2023년부터 시행된다. 국민 인식 전환과 업계의 준비 등 제도의 안정적 시행을 위해서다. 우유 등 유통과정에서 변질이 우려되는 일부 품목은 유통환경 정비를 고려해 유예기한을 연장할 예정이다....,UPI뉴스,2021-07-27,http://www.upinews.kr/newsView/upi202107270032
172,"""멀쩡한데 유통기한 지났네"" 이제 유통기한 말고 소비기한 보고 먹어요","유럽연합(EU) 등 대다수 국가는 소비기한 표시제를 도입하고 있으며, 국제식품규격위원회(CAC)도 지난 2018년 국제식품기준규격에서 유통기한 제도를 삭제하고 소비기한 표시제도를 권고하고 있다. 소비기한 표시제는 국민...",데일리팝,2021-07-26,http://www.dailypop.kr/news/articleView.html?idxno=52866
173,유통기한 2023년 부터 소비기한으로 바뀐다,소비기한 표시제는 국민의 인식 전환 문제와 법 개정에 따른 업계의 준비 기간 등을 고려해 2023년부터 시행될 예정이다. 특히 우유 등 유통과정에서 변질이 쉬운 품목에 대해서는 유예 기한을 좀 더 연장할 예정이다....,여성소비자신문,2021-07-26,http://www.wsobi.com/news/articleView.html?idxno=130577
174,"“23년부터 날짜 지난 빵, 먹으면 안 돼”…유통기한, ‘소비기한’으로 변경",개정된 식품 등 표시·광고법에 따르면 2023년 1월 1일부터 식품 유통기한 표시제가 소비기한 표시제로 변경된다. 다만 우유는 자유무역협정(FTA)에 따라 2026년 수입 관세가 폐지되는 점 등을 고려해 8년 이내에 도입할...,브라보마이라이프,2021-07-26,http://bravo.etoday.co.kr/view/atc_view.php?varAtcId=12504
175,내년부터 식품에 유통기한 대신 소비기한 표시,"유럽연합(EU) 등 대다수 국가는 소비기한 표시제를 도입하고 있으며, 국제식품규격위원회*(CAC)도 지난 2018년 국제식품기준규격에서 유통기한 제도를 삭제하고 소비기한 표시제도를 권고하고 있다. 소비기한 표시제는...",한국농어촌방송,2021-07-26,http://www.newskr.kr/news/articleView.html?idxno=64178
176,"강병원 ""소비기한 도입하는 식품표시·광고법 국회 통과""","이에 소비자 혼란방지, 식량 폐기감소를 위해 소비기한 표시제 사용을 국제적으로 권고하고 EU, 일본, 호주, 캐나다, 미국 등 선진국에서 소비기한을 도입했다. 또한 지난 5월 31일 ‘2021 P4G 서울 녹색 미래정상회의’를...",파이낸셜뉴스언론사 선정,2021-07-26,http://www.fnnews.com/news/202107261139092136
177,"유통기한, 37년 만에 소비기한으로 바뀌어","이에 소비자 혼란방지, 식량 폐기감소를 위해 소비기한 표시제 사용을 국제적으로 권고하고 EU, 일본, 호주, 캐나다, 미국 등 선진국에서 소비기한을 도입했다. 또한 지난 5월 31일 '2021 P4G 서울 녹색 미래정상회의'를 통해...",투데이신문,2021-07-26,http://www.ntoday.co.kr/news/articleView.html?idxno=79766
178,내후년부터 유통기한 대신 ‘소비기한’ 표시한다…실제 섭취 가능 시점 반영,개정된 식품 등 표시·광고법에 따르면 2023년 1월1일부로 식품 유통기한 표시제가 소비기한 표시제로 변경됩니다. 그동안 소비자들은 유통기한이 지난 식품에 대해 언제까지 섭취가 가능한 지 알 수 없어 식품 상태와...,인더뉴스,2021-07-26,https://www.inthenews.co.kr/news/article.html?no=38469
179,"정부, '유통기한' 대신 '소비기한 표시제' 도입","소비기한 표시제는 국민 인식 전환과 업계의 준비 등 제도의 안정적 시행을 위해 오는 2023년부터 시행되며, 우유 등 유통과정에서 변질이 우려되는 일부 품목은 유통환경 정비를 고려해 유예기한을 연장할 예정이다....",키즈맘,2021-07-26,https://kizmom.hankyung.com/news/view.html?aid=202107267624o
180,"2023년부터 식품 소비기한 표시 확정, 우유는 8년 범위서 유예","식약처는 2023년 1월 1일부터 식품에 소비기한 표시제를 시행한다. 단, 우유 등 유통과정에서 변질이 우려되는 일부 품목은 유통환경 정비를 고려해 시행일로부터 8년 범위에서 유예기한을 연장한다. 사진=식품저널DB...",식품저널 foodnews,2021-07-26,http://www.foodnews.co.kr/news/articleView.html?idxno=93213
181,"강병원 의원, 유통기한을 소비기한으로 대체하는 법안 본회의 통과","‘소비기한제 도입’은 섭취가 가능한 식품임에도 유통기한에 의해 폐기 되는 식품 낭비를 막고자 발의했으며, 소비기한 표시제를 권고하는 EU를 비롯해 일본, 캐나다, 미국 등 선진국에서 도입하고 있어 세계적인...",베타뉴스,2021-07-25,http://www.betanews.net:8080/article/1273300.html
182,"2023년부터 식품 유통기한 대신 ‘소비기한’","우선 2023년 1월1일부터 식품 유통기한 표시제가 소비기한 표시제로 바뀐다. 제품의 제조일로부터 소비자에게 유통·판매가 허용되는 기간이 아닌, 소비자가 보관 조건을 준수했을 경우 식품을 먹어도 안전에 이상이...",경향신문,2021-07-25,http://biz.khan.co.kr/khan_art_view.html?artid=202107252154015&code=920100
183,유통기한 → 소비기한으로 바뀐다,소비기한 표시제는 국민의 인식 전환 문제와 법 개정에 따른 업계의 준비 기간 등을 고려해 2023년부터 시행될 예정이다. 또 우유 등 유통과정에서 변질이 쉬운 품목에 대해서는 유예 기한을 좀 더 연장할 예정이다....,충청타임즈,2021-07-25,http://www.cctimes.kr/news/articleView.html?idxno=666694
184,"2023년부터 유통기한 대신 `섭취 가능` 소비기한 표시","소비기한 표시제는 국민의 인식 전환 문제와 법 개정에 따른 업계의 준비 기간 등을 고려해 오는 2023년부터 시행될 예정이며, 우유 등 유통과정에서 변질이 쉬운 품목에 대해서는 유예 기한을 좀 더 연장할 예정이다....",경북신문,2021-07-25,http://www.kbsm.net/default/index_view_page.php?idx=318632&part_idx=326
185,"2023년부터 유통기한 대신 소비기한 도입…‘우유팩 샴푸’ 등 펀슈머 제품은 금지","개정된 식품 등 표시·광고법에 따라 2023년 1월1일부터 식품 유통기한 표시제가 소비기한 표시제로 바뀐다. 제품의 제조일로부터 소비자에게 유통·판매가 허용되는 기간이 아닌, 소비자가 보관 조건을 준수했을 경우...",경향신문,2021-07-25,https://www.khan.co.kr/national/health-welfare/article/202107251139001
186,유통기한 폐지되고 소비기한 생긴다…“불필요한 식품 폐기 막기 위해”,국제식품규격위원회 및 선진국에서는 유통기한이 소비자가 식품의 폐기 시점으로 오인할 수 있어 식품 섭취가 가능한 기한을 명시하는 소비기한 표시제 사용을 권고하고 있다. 이에 우리나라도 소비자가 혼란을...,세계일보,2021-07-25,http://www.segye.com/content/html/2021/07/25/20210725503288.html?OutUrl=naver
187,"유통기한, 37년 만에 소비기한으로 바뀐다",유럽연합(EU) 등 대다수의 국가는 소비기한 표시제를 도입하고 있으며 국제식품규격위원회(CAC)도 지난 2018년 국제식품기준규격에서 유통기한 제도를 삭제하고 소비기한 표시제도를 권고하고 있다. 대부분의 선진국에서...,뉴시스,2021-07-25,http://www.newsis.com/view/?id=NISX20210725_0001525129&cID=13107&pID=13100
188,'유통기한' 대신 섭취 가능한 '소비기한' 표시제 도입,개정된 식품 등 표시·광고법에 따르면 2023년 1월 1일부터 식품 유통기한 표시제가 소비기한 표시제로 변경된다.그간 소비자들은 유통기한이 지난 식품에 대해 언제까지 섭취가 가능한지 알 수 없어 식품 상태와 상관없이...,브릿지경제,2021-07-25,http://www.viva100.com/main/view.php?key=20210725010006026
189,"2023년부터 '유통기한'이 '소비기한'으로 바뀐다",'유통기한'과 '소비기한' 한국은 지난 1985년 유통기한 표시제를 도입한 후 현재까지 유통기한 일자 표시를 적용하고 있다. 유통기한이란 제품의 제조일로부터 소비자에게 유통·판매가 허용되는 기한을 뜻한다. 소비자는...,BBC,2021-07-24,https://www.bbc.com/korean/news-57951799?xtor=AL-73-%5Bpartner%5D-%5Bnaver%5D-%5Bheadline%5D-%5Bkorean%5D-%5Bbizdev%5D-%5Bisapi%5D
190,"2023년부터 '유통기한→소비기한'으로 변경",개정된 식품 등 표시·광고법에 따르면 2023년 1월 1일부터 식품 유통기한 표시제가 소비기한 표시제로 변경됩니다. 다만 국민의 인식 전환 문제와 법 개정에 따른 업계의 준비 기간 등을 고려해 2023년부터 시행하기로...,MBN,2021-07-24,http://mbn.mk.co.kr/pages/news/newsView.php?category=mbn00009&news_seq_no=4558273
191,유통기한 대신 '섭취 가능' 소비기한 표시제 도입,개정된 식품 등 표시·광고법에 따르면 2023년 1월 1일부터 식품 유통기한 표시제가 소비기한 표시제로 변경된다. 이는 제품의 제조일로부터 소비자에게 유통·판매가 허용되는 기간이 아닌 소비자가 보관 조건을 준수했을...,데일리굿뉴스,2021-07-24,http://goodnews1.com/news/news_view.asp?seq=115847
192,"2023년부터 유통기한→소비기한 도입... 식품 폐기량 줄어들까",개정된 식품 등 표시·광고법에 따르면 2023년 1월 1일부터 식품 유통기한 표시제가 소비기한 표시제로 변경된다. 소비자에게 유통·판매가 허용되는 기간이 아닌 소비자가 보관 조건을 준수했을 경우 식품을 먹어도 안전에...,농업경제신문,2021-07-24,http://www.thekpm.com/view.php?ud=2021072414294361255cb205d37d_17
193,내후년부터 '유통기한→소비기한' 변경…실제 먹을 수 있는 날짜로,"개정된 식품 등 표시·광고법에 따르면 2023년 1월 1일부터 식품 '유통기한' 표시제가 '소비기한' 표시제로 변경된다. 유통기한은 제품 제조일로부터 소비자에게 유통·판매가 허용되는 기간을 의미하며, 소비기한은 보관...",뉴스1,2021-07-24,https://www.news1.kr/articles/?4382300
194,"2023년부터 소비기한 표시제 도입","소비기한 표시제는 국민 인식 전환과 업계의 준비 등 제도의 안정적 시행을 위해 2023년부터 시행되며, 우유 등 유통과정에서 변질이 우려되는 일부 품목은 유통환경 정비를 고려해 유예기한을 연장할 예정이다. 소비기한...",보건뉴스,2021-07-24,http://www.bokuennews.com/news/article.html?no=206210
195,"2023년부터 식품 유통기한→소비기한으로 바뀐다",이에 따라 이번 법개정으로 2023년 1월부터 식품 유통기한 표시제가 소비기한 표시제로 변경된다. 다만 우유 등 유통과정에서 변질이 쉬운 품목에 대해서는 이 법 시행일로부터 8년 내 시행토록 정했다. 강 의원은...,부산일보언론사 선정,2021-07-24,http://www.busan.com/view/busan/view.php?code=2021072413314378916
196,유통기한 대신 '섭취 가능' 소비기한 표시제 도입,오는 2023년부터 식품에 적힌 '유통기한'이 소비자가 실제로 섭취할 수 있는 기한을 나타낸 '소비기한'으로 바뀝니다. 오늘(24일) 열린 국회 본회의에서 이런 내용을 골자로 한 식품 등의 표시·광고에 관한 법률 개정안이...,연합뉴스TV언론사 선정,2021-07-24,http://www.yonhapnewstv.co.kr/MYH20210724005400038/?did=1825m
197,식품에 '유통기한' 대신 '소비기한' 표시 국회 본회의 통과,이번 개정안은 ‘소비기한 표시제’가 안전을 담보하면서 우리 사회에 정착할 수 있도록 식품 산업계의 제조ㆍ유통단계에 안전관리를 강화하고 소비자의 혼란방지를 위해 교육ㆍ홍보를 하고자 2023년 1월 1일에...,메디컬투데이,2021-07-24,http://www.mdtoday.co.kr/mdtoday/index.html?no=425868
198,'판매 가능' 유통기한 대신 '섭취 가능' 소비기한 표시제 도입,"최종 소비기한 표시제로 변경된다. 다만 국민의 인식 전환 문제와 법 개정에 따른 업계의 준비 기간 등을 고려해 2023년부터 시행하기로 하고, 우유 등 유통과정에서 변질이 쉬운 품목에 대해서는 유예 기한을 좀 더 연장할...",헤모필리아라이프,2021-07-24,http://www.hemophilia.co.kr/news/articleView.html?idxno=20925
199,유통기한이요? 이제는 소비기한으로 표시할게요,"유럽연합(EU) 등 대다수 국가는 소비기한 표시제를 도입하고 있으며, 국제식품규격위원회(CAC)도 지난 2018년 국제식품기준규격에서 유통기한 제도를 삭제하고 소비기한 표시제도를 권고하고 있다. 소비기한 표시제는 국민...",베이비타임즈,2021-07-24,http://www.babytimes.co.kr/news/articleView.html?idxno=48473
200,'판매 가능' 유통기한 대신 '섭취 가능' 소비기한 표시제 도입,"등의 표시·광고에 관한 법률, 화장품법을 비롯해 6개의 소관 법률 개정안이 통과됐다고 밝혔습니다. 개정된 식품 등 표시·광고법을 보면 오는 2023년 1월 1일부터 식품 유통기한 표시제가 소비기한 표시제로 변경됩니다.",BBS NEWS,2021-07-24,https://news.bbsi.co.kr/news/articleView.html?idxno=3039346
201,"2023년부터 유통기한 대신 '섭취 가능' 소비기한 표시제 도입",우선 개정된 식품 등 표시·광고법에 따르면 2023년 1월1일부터 식품 유통기한 표시제는 소비기한 표시제로 변경된다. 제조·판매자 관점에서 소비자에게 유통·판매가 허용되는 유통기한에서 소비자가 보관 조건을 지켰을...,아시아경제언론사 선정,2021-07-24,https://view.asiae.co.kr/article/2021072410504706550
202,'유통기한' 없어지고 '소비기한' 생긴다,개정된 식품 등 표시·광고법에 따르면 2023년 1월 1일부터 식품 유통기한 표시제가 소비기한 표시제로 변경된다. 이는 제품의 제조일로부터 소비자에게 유통·판매가 허용되는 기간이 아닌 소비자가 보관 조건을 준수했을...,일간스포츠,2021-07-24,http://isplus.live.joins.com/news/article/article.asp?total_id=24112787
203,"2023년부터 ‘유통기한’ 대신 ‘소비기한' 표기···식품 폐기량 감소 기대","이날 개정된 식품 등 표시·광고법에 따르면, 오는 2023년 1월 1일부터 식품 유통기한 표시제가 소비기한 표시제로 바뀐다. 소비자가 식품을 섭취해도 안전에 이상이 없을 것으로 판단되는 최종 소비기한을 표기하도록 한...",조선비즈언론사 선정,2021-07-24,https://biz.chosun.com/distribution/food/2021/07/24/AI3P55E2B5CQLC3PZJPKTLX6AY/?utm_source=naver&utm_medium=original&utm_campaign=biz
204,'판매 가능' 유통기한 대신 '섭취 가능' 소비기한 표시제 도입,"등의 표시·광고에 관한 법률, 화장품법을 비롯해 6개의 소관 법률 개정안이 통과됐다고 밝혔습니다. 개정된 식품 등 표시·광고법에 따르면 2023년 1월 1일부터 식품 유통기한 표시제가 소비기한 표시제로 변경됩니다. [ / ]",매일경제TV,2021-07-24,http://mbnmoney.mbn.co.kr/news/view?news_no=MM1004400059
205,'유통기한' 대신 '소비기한'… '식품 표시 광고법' 개정안 통과,개정된 식품 등 표시·광고법에 따르면 오는 2023년 1월 1일부터 식품 유통기한 표시제가 소비기한 표시제로 변경된다. 이는 제품 제조일로부터 소비자에게 판매가 허용되는 유통기한이 소비자들에게 식품의 폐기시점으로...,천지일보,2021-07-24,http://www.newscj.com/news/articleView.html?idxno=883292
206,"""유통기한 말고 섭취기한 보세요""...식약처 '소비기한 표시제' 도입",개정된 식품 등 표시·광고법에 따르면 2023년 1월 1일부터 식품 유통기한 표시제가 소비기한 표시제로 변경된다. 다만 국민의 인식 전환 문제와 법 개정에 따른 업계의 준비 기간 등을 고려해 2023년부터 시행하기로 하고...,청년일보,2021-07-24,http://www.youthdaily.co.kr/news/article.html?no=77247
207,"2023년부터 ‘유통기한’→‘소비기한’으로 바뀐다",개정된 식품 등 표시ㆍ광고법에 따르면 2023년 1월 1일부터 식품 유통기한 표시제가 소비기한 표시제로 바뀐다. 제품의 제조일로부터 소비자에게 유통ㆍ판매가 허용되는 기간이 아닌 소비자가 보관 조건을 준수했을 경우...,이투데이,2021-07-24,https://www.etoday.co.kr/news/view/2047494
208,식품 '유통기한' → 먹어도 되는 '소비기한'으로 바뀐다,개정된 식품 등 표시·광고법에 따르면 2023년 1월 1일부터 식품 유통기한 표시제가 소비기한 표시제로 변경된다. 제품의 제조일로부터 소비자에게 유통·판매가 허용되는 기간이 아닌 소비자가 보관 조건을 준수했을...,세이프타임즈,2021-07-24,http://www.safetimes.co.kr/news/articleView.html?idxno=97862
209,'판매 가능' 유통기한 대신 '섭취 가능' 소비기한 표시제 도입,"오는 2023년부터 식품에 적힌 '유통기한'이 소비자가 실제로 섭취할 수 있는 기한을 나타낸 '소비기한'으로 바뀝니다. 식품의약품안전처는 국회 본회의에서 식품 등 표시·광고법, 화장품법을 비롯해 6개의 소관 법률...",MBC,2021-07-24,https://imnews.imbc.com/news/2021/society/article/6288779_34873.html
210,`유통기한` 대신 `소비기한`…`식품 표시 광고법` 개정안 본회의 통과,이번 개정안은 `소비기한 표시제`가 안전을 담보하면서 우리 사회에 정착할 수 있도록 식품 산업계의 제조·유통단계에 안전관리를 강화하고 소비자의 혼란 방지를 위한 교육·홍보 차원에서 2023년 1월 1일에 시행토록...,이데일리,2021-07-24,http://www.edaily.co.kr/news/newspath.asp?newsid=01321846629117800
211,유통기한 대신 소비기한 도입… 실제 섭취 가능 기한 표시,"우선 식품 등 표시·광고법은 2023년 1월1일부터 식품 유통기한 표시제를 소비기한 표시제로 변경하도록 했다. 유통기한은 제조·판매자 관점에서 소비자에게 유통·판매가 허용되는 기간인 반면, 소비기한은 소비자...",헤럴드경제,2021-07-24,http://news.heraldcorp.com/view.php?ud=20210724000016
212,'유통기한' 대신 '소비기한' 표시제 도입…2023년부터,개정된 식품 등 표시·광고법에 따르면 2023년 1월 1일부터 식품 유통기한 표시제가 소비기한 표시제로 변경된다. 이는 제품의 제조일로부터 소비자에게 유통·판매가 허용되는 기간이 아닌 소비자가 보관 조건을 준수했을...,한국경제TV,2021-07-24,http://www.wowtv.co.kr/NewsCenter/News/Read?articleId=A202107240013&t=NN
213,'판매 가능' 유통기한 대신 '섭취 가능' 소비기한 표시제 도입,개정된 식품 등 표시·광고법에 따르면 2023년 1월 1일부터 식품 유통기한 표시제가 소비기한 표시제로 변경된다. 이는 제품의 제조일로부터 소비자에게 유통·판매가 허용되는 기간이 아닌 소비자가 보관 조건을 준수했을...,연합뉴스언론사 선정,2021-07-24,http://yna.kr/AKR20210724010300530?did=1195m
214,유통기한 대신 '소비기한'···2023년부터 식품 표시제 변경,유럽연합(EU)을 비롯해 많은 나라가 소비기한 표시제를 도입했다. 2018년 국제식품규격위원회(CAC)도 국제식품기준규격에서 유통기한 제도를 없애고 소비기한 표시를 권고하고 있다. 식품 표시제 변경에 대해 식약처는...,서울파이낸스,2021-07-24,http://www.seoulfn.com/news/articleView.html?idxno=426678
215,식품에 유통기한 대신 소비기한···휴게시설 의무 설치 법안 국회 통과,"우리나라는 1985년부터 유통기한 표시제를 운용하고 있지만, 선진국은 주로 유통기한보다 기한이 긴 소비기한 표시제를 운용하고 있다. 여야는 식품 폐기물을 줄이고, 수출하는 식품의 국제경쟁력도 높일 수 있다고...",경향신문,2021-07-24,https://www.khan.co.kr/politics/politics-general/article/202107240259001
216,유통기한 대신 '소비기한'…식품수명 늘지만 안전성엔 물음표,소비기한표시제가 2023년 1월 1일부터 본격 시행되는 것으로 결정됐다. 하지만 소비자의 혼란과 안전사고에 따른 피해를 막으려면 제도 시행 전 충분한 교육과 홍보가 이뤄져야 한다는 목소리가 높다(사진...,헬스경향,2021-07-22,http://www.k-health.com/news/articleView.html?idxno=54685
217,'유통기한' 대신 '소비기한'…우려되는 이유,업계에서는 소비기한 표시제 도입 취지에는 긍정적이다. 다만 제도 도입이 졸속적으로 추진되고 있다는 지적도 있다. 일각에서는 실효성이 낮고 소비자 피해가 우려된다는 비판도 나온다. 정책 기조 변경에 제도 도입...,비즈니스워치언론사 선정,2021-07-21,http://news.bizwatch.co.kr/article/consumer/2021/07/21/0016
218,"""식품 유통기한을 소비기한으로""","이번에 통과한 개정안은 2023년부터 식품에 소비기한을 표시하되, 우유는 8년 유예기간을 두는 것으로 했다. 우리나라는 1985년 유통기한 표시제를 도입한 이후 현재까지 유통기한 중심 표시를 적용해 왔다. 한편...",내일신문,2021-07-21,http://www.naeil.com/news_view/?id_art=393364
219,"우유 소비기한 8년 유예...낙농업계 ""아쉽지만 일단 안도""",우유 소비기한 표시제가 8년 유예되면서 낙농업계는 일단 안도하는 분위기이다. 낙농업계는 소비기한 표시에서 우유가 제외되지 못해 아쉽다는 반응을 보이면서도 유예기간 동안 시스템 개선이 반드시 필요하다는...,농수축산신문,2021-07-21,http://www.aflnews.co.kr/news/articleView.html?idxno=213667
220,"<식ㆍ의ㆍ약 혁신, 건강한 삶 지킨다>‘유통기한’→‘소비기한’ 바꾸면… 10년간 식품폐기비용 7兆넘게 절약",유통기한보다 기간이 늘어난 ‘소비기한 표시제’가 도입되기 때문이다. 식품의약품안전처는 매년 버려지는 식품 폐기량을 줄이기 위해 이 같은 제도 도입을 추진한다. 20일 업계에 따르면 식약처는 ‘2021 P4G 서울...,문화일보,2021-07-20,http://www.munhwa.com/news/view.html?no=2021072001032603325002
221,"""소비기한 표시제에 대한 강한 입법 의지 필요""","(사)소비자기후행동(김은정 상임대표, 이하 소비자기후행동)과 (사)자원순환사회연대(이사장 김미화, 이하 자원순환사회연대)는 소비기한표시제 도입 취지가 훼손되지 않으려면 더 이상 유예 기간이나 유예 품목이...",보건뉴스,2021-07-20,http://www.bokuennews.com/news/article.html?no=206032
222,"""소비기한 표시제 도입에 유예기간·유예품목 늘어나는 일 없어야""","소비기한 표시제 2023년부터 적용… 우유, 소비기한 표시 2031년까지 유예 보건복지위 논의 과정서 유예기간 3년→8년으로 확대소비자기후행동 ""국회, 원안통과에 강력한 의지가져야"" 반발 출처=소비자기후행동...",이로운넷,2021-07-19,https://www.eroun.net/news/articleView.html?idxno=25555
223,"소비자단체, ""소비기한 도입에 유예사례 더 이상 없어야""","소비자기후행동(상임대표 김은정)과 자원순환사회연대(이사장 김미화)는 19일 성명서를 내고 ""소비기한 표시제 도입 취지가 훼손되지 않으려면 더 이상 유예 기간이나 유예 품목이 늘어나는 일이 없어야 한다""고...",대한급식신문,2021-07-19,http://www.fsnews.co.kr/news/articleView.html?idxno=43506
224,"소비자ㆍ환경단체, 우유만 소비기한 연장에 ""더 이상 유예 기간ㆍ품목 없어야""","2023년부터 식품에 소비기한 표시제가 적용되나, 우유의 경우 2031년부터 적용되도록 하는 '식품 등의 표시ㆍ광고에 관한 법률 개정안'이 지난 13일 국회 보건복지위원회 전체회의를 통과했다. 사진=식품저널DB 식품에...",식품저널 foodnews,2021-07-19,http://www.foodnews.co.kr/news/articleView.html?idxno=93143
225,[비즈톡톡] ‘유통기한’ 대신 ‘소비기한’…먹다 탈나면 어쩌죠?,국회와 식품의약품안전처는 그동안 기후 위기 시대를 맞아 식품 폐기물을 줄이기 위해 유통기한보다 기간이 더 긴 소비기한을 도입하는 방안을 검토해 왔습니다. 우리나라는 1985년 ‘유통기한 표시제'를 도입한 이후...,조선비즈언론사 선정,2021-07-17,https://biz.chosun.com/distribution/food/2021/07/17/TLY34LILWJDUNGEEC4UIHX7WEE/?utm_source=naver&utm_medium=original&utm_campaign=biz
226,"유통기한 대신 소비기한‧구두약 초콜릿 그만, 식품표시법 상임위 통과","작년 7월 법안이 처음 발의 될 당시 하상도 중앙대학교 식품공학과 교수는 ""소비기한 표시제 도입은 식품 안전 확보의 장점이 많은 반드시 도입이 필요한 포스트코로나 시대에 걸맞는 제도""라며 ""평균 30% 가량 식품...",시사포커스,2021-07-16,http://www.sisafocus.co.kr/news/articleView.html?idxno=263314
227,식품소비기한 2023년 시행…우유는 2031년부터,"2023년 1월부터 식품소비기한표시제가 시행된다. 다만 우유는 유통 안전성과 업계 경쟁력 확보를 위해 총 10년의 도입 유예기간이 주어졌다. 국회 보건복지위원회는 지난 13일 전체회의를 개최하고 식품표시광고법...",한국농어민신문,2021-07-16,http://www.agrinet.co.kr/news/articleView.html?idxno=302452
228,우유 '소비기한' 표기 8년 유예 된다…낙농가·유업계 '안도',우유 소비기한 표시제가 8년 유예로 가닥이 잡혔다. 낙농가·유업계는 일단 안도하면서도 시스템 보완이 시급하다는 입장을 피력하고 있다. 16일 국회 보건복지위원회에 따르면 식품 유통기한 대신 소비기한을 표시토록...,아이뉴스24,2021-07-16,http://www.inews24.com/view/1386131
229,우유 ‘소비기한’ 표시 최장 8년 유예,"이에 따라 2023년 1월1일부터 소비기한 표시제가 전격적으로 도입되고, 우유의 경우 8년 범위에서 시행이 유예된다. 복지위는 앞서 법안심사소위원회에서 우유의 소비기한 표시제를 2026년 도입하기로 했지만 13일...",농민신문,2021-07-16,http://www.nongmin.com/article/ar_detail.htm?ar_id=608015
230,식품 소비기한 법안 복지위 전체회의 통과…우유 10년 유예,"이에 따라 2023년 1월1일부터 소비기한 표시제가 전격 도입되며, 우유의 경우 시행이 10년 유예된다. 복지위는 앞서 법안심사소위원회에서 우유의 소비기한 표시제를 2026년 도입하기로 했지만 13일 전체회의에서...",농민신문,2021-07-13,http://www.nongmin.com/article/ar_detail.htm?seq_id=341522
231,식품 소비기한 표시 우유만 10년 유예한다,"위 의원은 ""기후위기 시대, 식품 폐기물 감소를 위해 소비기한 표시제가 시급히 도입돼야 한다""며, ""하지만, 우유는 유통과정의 불안전한 냉장관리 실태를 감안할 때 소비기한을 도입하면 유통기간이 늘어나...",식품저널 foodnews,2021-07-13,http://www.foodnews.co.kr/news/articleView.html?idxno=93100
232,"""두달 된 계란 먹어도 된다고?” 식품별 소비기한 확인하세요","◆ 최승훈: 이것도 소비기한 표시제로 전환되기 전에 전 단계로써 확립될 필요성도 있다고 생각하고요. 일단 모든 제도가 바뀐다는 게 현재로서는 유통기한에 대한 인식이 많잖아요. ◇ 최형진: 네, 더 저변에 깔려있죠....",YTN라디오,2021-07-12,https://radio.ytn.co.kr/program/?f=2&id=77640&s_mcd=0433&s_hcd=01
233,"""두달 된 계란 먹어도 된다고?"" 식품별 소비기한 확인하세요","◆ 최승훈: 이것도 소비기한 표시제로 전환되기 전에 전 단계로써 확립될 필요성도 있다고 생각하고요. 일단 모든 제도가 바뀐다는 게 현재로서는 유통기한에 대한 인식이 많잖아요. ◇ 최형진: 네, 더 저변에 깔려있죠....",YTN,2021-07-12,https://www.ytn.co.kr/_ln/0106_202107121126528329
234,'유통기한' 대신에 '소비기한'... 부작용 없을까?,오는 2023년 1월부터는 유통기한 대신 소비기한표시제도가 식품에 적용된다. 그러자 낙농업계가 벌집 쑤신 듯 큰 목소리를 내기 시작했다. 소비기한 도입에 강력하게 반대한다는 입장을 표명하고 나섰다. 우유의 특성과...,한국영농신문,2021-07-10,http://www.youngnong.co.kr/news/articleView.html?idxno=34503
235,유통기한이든 소비기한이든,"이러한 문제를 해결하기 위해 2000년대 초반부터 품질유지기한(best before date)과 소비기한(use by date) 표시제 도입에 관한 논의가 있었다. 품질유지기한은 장기간 보관해도 부패, 변질 등 품질변화 우려가 적은 제품들을...",한겨레,2021-07-08,https://www.hani.co.kr/arti/opinion/column/1002758.html
236,[Q&A] 유통기한 지난 식품 정말 먹어도 될까? 유통기한과 소비기한의 차이 살펴보니,이로써 2023년 1월부터 현행 유통기한 대신 소비기한표시제가 식품에 적용됩니다. 다만 소비기한표시제 특례조항을 두고 일부 제품에 대해선 2026년 1월 1일부터 적용할 수 있다고 조정했습니다. 위생적 관리와 품질 유지를...,금강일보,2021-07-07,http://www.ggilbo.com/news/articleView.html?idxno=857010
237,"국회 농해수위, 우유 소비기한 '예외 지정' 목소리",식량 폐기 감소 등을 목적으로 식품의 소비기한 표시제를 도입하는 것이 골자다. 하지만 유업계는 강하게 반대하고 있다. 우유·유제품의 경우 10℃ 이하 냉장유통도 제대로 지켜지지 않는 현실에서 소비기한을 도입하면...,한국농어민신문,2021-07-06,http://www.agrinet.co.kr/news/articleView.html?idxno=302198
238,"소비기한, 국회 농해수위-농식품부 온도차 극명","주무부처인 농림축산식품부는 소비기한 표시제에 찬성 입장을 밝히며 낙농업계의 비난을 산 바 있다. 이에 대해 이승호 한국낙농육우협회장은 ""농식품부의 찬성기조와는 달리 농해수위 의원들께서 소비기한 도입에 대한...",농축유통신문,2021-07-02,http://www.amnews.co.kr/news/articleView.html?idxno=46544
239,[뉴스팜리포트]2023년부터 '소비기한표시제' 적용…우유 제외 촉구,"대신 소비기한표시제가 식품에 적용된다. 다만, 우유 등 일부 제품에 대해선 3년간 유예기간을 두고 2026년부터 적용할 수 있도록 조정됐다. 이 같은 조치에 낙농업계는 소비기한 도입은 낙농 산업을 말살하는 정책이고...",한국농업신문,2021-07-01,http://www.newsfarm.co.kr/news/articleView.html?idxno=70904
240,소비기한 표시 추진…유통기한 임박상품 인기끌듯,"CU '그린세이브' 서비스 전년比 62.4% 증가 GS25, 당근마켓과 협업 서비스 하반기 선봬 소비기한 표시제 도입이 추진되면서 편의점 업계도 관련 서비스를 선제적으로 진행하고 있다. 소비기한은 소비자가 식품을 섭취해도...",아시아투데이,2021-06-30,https://www.asiatoday.co.kr/view.php?key=20210630010018785
241,"[뉴스팜리포트-축산업계 이슈진단①] 소비기한 도입 '눈앞'…낙농업계 ""우유 제외해야""","한국농업신문, NEWSFARM 우유, 치즈 등 냉장보관용 제품에 대한 '소비기한표시제'가 2026년부터 적용될 전망이 나오면서 낙농가를 비롯한 낙농업계가 강하게 반발하고 있다. 국회 보건복지위원회는 지난 17일...",한국농업신문,2021-06-30,http://www.newsfarm.co.kr/news/articleView.html?idxno=70865
242,소비기한 표시제 도입 본격화에 편의점 마감 세일 관심↑,CU 그린세이브 서비스/BGF리테일 최근 국내에서도 소비기한 표시제 도입이 본격화 되면서 편의점 마감 세일에 대한 소비자들의 관심이 커지고 있다. CU가 지난해 6월부터 운영하고 있는 마감 할인 판매 서비스인...,메트로신문,2021-06-30,http://www.metroseoul.co.kr/article/20210630500258
243,소비기한 표시제 도입 본격화에 편의점 마감 세일 인기,최근 국내에서도 소비기한 표시제 도입이 본격화 되면서 편의점 마감 세일에 대한 소비자들의 관심이 커지고 있다. 30일 CU에 따르면 마감 할인 판매 서비스인 ‘그린세이브 서비스’의 전년 대비 이용 건수가 62.4...,스포츠서울,2021-06-30,http://www.sportsseoul.com/news/read/1050162?ref=naver
244,"소비기한 표시제 도입 본격화… CU, ‘그린세이브’ 이용자 늘었다","소비기한 표시제 도입 본격화… CU, ‘그린세이브’ 이용자 늘었다 최근 국내에서도 소비기한 표시제 도입이 본격화 되면서 편의점 마감 세일에 대한 소비자들의 관심이 커지고 있다.30일 CU에 따르면 CU가 지난해...",브릿지경제,2021-06-30,http://www.viva100.com/main/view.php?key=20210630010006944
245,"CU, 소비기한 표시제 도입으로 이용자 늘었다!",최근 국내에서도 소비기한 표시제 도입이 본격화 되면서 편의점 마감 세일에 대한 소비자들의 관심이 커지고 있다. CU가 지난해 6월부터 운영하고 있는 마감 할인 판매 서비스인 '그린세이브 서비스'의 전년 대비 이용...,비지니스코리아,2021-06-30,http://www.businesskorea.co.kr/news/articleView.html?idxno=70632
246,"[아주 쉬운 뉴스 Q&A] 유통기한 대신 도입되는 소비기한, 뭐가 다른가요?","개정안이 복지위 전체회의를 거쳐 본회의까지 통과하면 소비기한 표시제는 2023년 1월 1일부터 시행하게 되는데요. 유통기한과 소비기한은 어떤 차이가 있고, 이렇게 바뀌는 이유는 무엇인지에 대해 알아보겠습니다. Q....",아주경제,2021-06-30,http://www.ajunews.com/view/20210629173302529
247,"[사설] 소비기한 표시제, 우유는 제외하라","낙농업계의 반발에도 국회 보건복지위원회 법안소위는 지난 17일 소비기한 표시제 관련 법안 처리를 강행, 우유생산자단체와 관련업계의 공분을 사고 있다. 낙농업계는 지금까지 국내 우유와 유제품의 경우 외부 요인에...",농수축산신문,2021-06-29,http://www.aflnews.co.kr/news/articleView.html?idxno=212781
248,"소비기한 표시제 시행 앞두고 의견 팽팽…""소비자 '찬성' VS 유업계 '반대'""",이로써 2023년 1월부터 현행 유통기한 대신 소비기한표시제가 식품에 적용된다. 다만 소비기한표시제 특례조항을 두고 일부 제품에 대해선 2026년 1월 1일부터 적용할 수 있다고 조정했다. 위생적 관리와 품질 유지를 위해...,아이뉴스24,2021-06-29,http://www.inews24.com/view/1380712
249,유통기한 지난 음식 먹어도 된다? 소비기한표시제에 업계 비상,식품에 대한 '소비기한표시제'가 오는 2023년부터 시행되기로 결정되면서 식품업계에 비상이 걸린 것. 지난 24일 국회 보건복지위원회는 법안심사소위에서 식품의 유통기한을 소비기한으로 변경하는 내용을 골자로 한...,메트로신문,2021-06-28,http://www.metroseoul.co.kr/article/20210628500388
250,"""농식품부, 소비기한이 남의 일인가""",소비기한 표시제 관련 법안이 국회 상임위 소위를 통과하며 낙농가의 우려를 사고 있다. 주무부처인 농림축산식품부마저 소비기한 표시제 찬성 입장으로 전해져 직무방기 아니냐는 목소리도 나오고 있다. 국회...,한국농정신문,2021-06-28,http://www.ikpnews.net/news/articleView.html?idxno=44647
251,유통기한 대신 소비기한?…소비자 혼란 가중?,"그런 것에 대한 식품업계 관계자 사전 교육이나 홍보가 필요하다고 보고….] 식약처는 올해 법안 통과를 전제로 2023년부터 소비기한 표시제로 변경을 준비 중인데, 제품별 특성에 맞게 단계적 시행에 무게를 두고...",SBS Biz언론사 선정,2021-06-25,https://biz.sbs.co.kr/article_hub/20000020727?division=NAVER
252,[현장+] 낭비 줄이는 소비기한 도입..'책임' 소재는 분명히 해야,이에 정부는 ‘소비기한 표시제’ 도입에 나섰다. 최근 식품표시관고법 개정안이 법안소위를 통과했다. 골자는 유통기한을 소비기한으로 변경 표기한다는 내용이다. 개정안이 국회를 통과하면 소비기한제는 2023년 1월...,한국정경신문,2021-06-25,http://kpenews.com/View.aspx?No=1833245
253,'소비기한' 기습 법안처리…뿔난 낙농업계,"유제품에 2026년부터 소비기한표시제 적용키로 낙농업계 ""우유만큼은 소비기한에서 제외해야"" 우유, 치즈 등 냉장보관용 제품에 대한 '소비기한표시제'가 2026년부터 적용될 것이라는 전망이 나오자 낙농가의 비판 또한...",농축유통신문,2021-06-25,http://www.amnews.co.kr/news/articleView.html?idxno=46483
254,유통→소비기한…중소식품업계 '콜드체인' 비상,식품에 대한 ‘소비기한표시제’가 오는 2023년부터 시행되기로 결정되며‘콜드체인(냉장·냉동 운반 및 보관)’ 시스템이 부족한 중소 식품업체와 유통업체에 비상이 걸렸다. 24일 국회 보건복지위원회가...,아시아경제언론사 선정,2021-06-24,https://view.asiae.co.kr/article/2021062410080187863
255,아직은 생소한 소비기한… 날짜만 길어지나,EU와 일본 등 해외 주요 국가들은 대부분 일찌감치 소비기한 표시제를 도입했다. 보다 효과적인 사용을 위해 소비기한과 함께 품질유지기한 등 다른 표기제를 병행하기도 한다. 한국도 세계적 흐름에 발맞춰 소비기한...,머니S언론사 선정,2021-06-24,http://moneys.mt.co.kr/news/mwView.php?no=2021061815118051920
256,'소비기한' 표시제 도입 급물살에…유통기한 임박상품 관심 '쑥',여기에 최근 국내에서도 ‘소비기한 표시제’ 도입이 추진되면서 유통기한 임박상품에 대한 인식 변화와 수요는 더욱 늘어날 전망이다. 서울 시내 한 마트에서 달걀을 구매하려는 소비자가 유통기한 등 제품 상태를...,이데일리,2021-06-24,http://www.edaily.co.kr/news/newspath.asp?newsid=01203766629085000
257,"유통기한 대신 소비기한, 우유·치즈 등 3년 유예 가닥","우유, 치즈 등 냉장보관용 제품에 대한 '소비기한표시제'가 2026년부터 적용될 전망이다. 냉장 유통망인 이른바 '콜드체인'을 제대로 갖추기까지 유예기간을 두자는 의견이 반영된 결과다. 23일 국회 보건복지위원회는...",머니투데이,2021-06-23,http://news.mt.co.kr/mtview.php?no=2021062315153854899
258,"[특별기고] 우유 소비기한, '변질사고 우려' 외면해선 안돼","식품의약품안전처(이하 '식약처')는 식품폐기감소를 목적으로, 현재 식품에 적용되고 있는 유통기한표시제를, 유통기한보다 더 긴 소비기한표시제로 전환코자 하는 법 개정을 추진하고 있다. 당초 식약처는...",한국농어민신문,2021-06-22,http://www.agrinet.co.kr/news/articleView.html?idxno=301910
259,정부 추진 '소비기한 표시제' 장단점은?,정부가 추진하는 '소비기한 표시제'가 복지위 전체회의를 무난히 통과할 것으로 예상되는 가운데 해당 개정안이 시행될 시 발생할 수 있는 장단점이 부각되고 있다. 22일 관련업계에 따르면 소비기한 표시제를 골자로 한...,EBN,2021-06-22,https://www.ebn.co.kr/news/view/1488628/?sc=Naver
260,"유통기한 말고 소비기한?…유업계, 상품 변질 우려도","소비자기후행동 김은정 대표는 지난 17일 “2050 탄소중립을 실현하고, 시민들에게 더욱 자세한 소비정보를 제공하는 차원에서도 소비기한표시제 도입은 합리적인 결정”이라고 밝혔다. 이어 “사실상 대부분의 국가들이...",쿠키뉴스,2021-06-22,http://www.kukinews.com/newsView/kuk202106210285
261,"'식품 유통기한 대신 소비기한' 복지위 통과 무난...낙농가는 우려, 왜?",식품의 유통기한을 소비기한으로 변경하는 '소비기한표시제'가 국회 상임위 문턱을 넘어설 전망이다. 소비기한을 늘려 버려지는 음식을 줄이자는 취지인데 유통기한이 짧은 유업계가 직접적인 영향을 받을 것으로...,머니투데이,2021-06-21,http://news.mt.co.kr/mtview.php?no=2021062114215728309
262,소비기한 표시제 기습처리 강력 규탄,"한국낙농육우협회는 6월 21일 성명을 통해 ""낙농업계는 그동안 소비기한 표시제 도입시 소비자 안전과 낙농산업에 미치는 파장을 고려해 우유는 제외해 줄 것을 간곡히 요구해왔으나 결국 기습처리 됐다""면서 ""소비기한...",농장에서식탁까지,2021-06-21,http://www.farminsight.net/news/articleView.html?idxno=7749
263,"(사)소비자기후행동 ""소비기한표시제 법안소위 통과 환영""","소비기한표시제란 판매기한을 표시하는 판매자 중심의 유통기한과 달리 소비기한표시제는 실제 식품을 섭취할 수 기한을 표시하는 소비자 중심의 표시제이다. 소비자기후행동 김은정 대표는 ""2050 탄소중립을 실현하고...",한국농업신문,2021-06-21,http://www.newsfarm.co.kr/news/articleView.html?idxno=70590
264,식품 소비기한제 ‘가시화’… “농축산물 소비 위축” 우려도,"일본·유럽연합(EU) 등 선진국에선 유통기한 표시제 자체가 없다는 점도 힘을 보탰다. EU는 소비기한·품질유지기한을, 일본은 소비기한·상미기한(식품의 맛이 가장 좋은 기간)을 각각 표기한다. 미국은 유통기한·소비기한...",농민신문,2021-06-21,http://www.nongmin.com/article/ar_detail.htm?ar_id=607356
265,음식물 쓰레기 부담에...날짜 더 긴 '소비기한'으로 변경 추진,[김은정 / 소비자기후행동 상임대표 : 소비기한표시제를 통해서 궁극적으로 음식물 쓰레기를 줄이는 것뿐만 아니라 처리 과정에서 발생하는 탄소 배출이 줄어드는 것을 기대하고 있습니다.] 식품업계는 소비기한 도입에...,YTN언론사 선정,2021-06-19,https://www.ytn.co.kr/_ln/0102_202106192235230216
266,음식물 쓰레기 부담에...날짜 더 긴 '소비기한'으로 변경 추진,[김은정 / 소비자기후행동 상임대표 : 소비기한표시제를 통해서 궁극적으로 음식물 쓰레기를 줄이는 것뿐만 아니라 처리 과정에서 발생하는 탄소 배출이 줄어드는 것을 기대하고 있습니다.] 식품업계는 소비기한 도입에...,YTN,2021-06-19,https://www.ytn.co.kr/_ln/0102_202106190455089094
267,"소비기한표시제 복지위 법안소위 통과…소비자기후행동 ""환영""",탄소 발생 저감 및 사회적 비용 감소 효과 기대 소비기한표시제가 국회 보건복지위원회 법안심사소위원회를 17일 통과했다. 사진은 16일 진행된 소비기한표시제 도입 촉구를 위한 기자회견 현장. 식품에 유통기한 대신...,이로운넷,2021-06-17,https://www.eroun.net/news/articleView.html?idxno=25193
268,강병원 의원 발의 '소비기한 표시제' 국회 보건복지위 소위 통과,소비자ㆍ환경단체가 지난 16일 국회 앞에서 개최한 소비기한 표시제 도입 촉구 기자회견에서 유통기한 경과로 버려지는 식품 낭비에 대한 소비자 불만을 '앵그리푸드'로 표현하는 퍼포먼스를 하고 있다. 사진=강봉조 기자...,식품저널 foodnews,2021-06-17,http://www.foodnews.co.kr/news/articleView.html?idxno=92738
269,[포토] 유통기한 대신 ‘소비기한을 원해요’,"소비자기후행동, 아이쿱생협연합회, 자원순환사회연대, 환경운동연합이 16일 오전 국회 앞에서 기자회견을 열어 소비기한표시제 도입을 촉구했다. ‘소비기한표시제’는 가공식품에 유통기한 대신 소비자가 실제로...",한겨레,2021-06-16,http://www.hani.co.kr/arti/society/society_general/999668.html
270,소비기한표시제 도입 촉구 퍼포먼스,"소비자기후행동, 아이쿱소비자생활협동조합연합회, 환경운동연합 등 단체들이 16일 서울 영등포 국회 정문 앞에서 소비기한 표시제 도입을 촉구하는 기자회견을 가졌다. 이들은 기자회견에서 ""유통기한을 폐기 시점으로...",베이비뉴스,2021-06-16,https://www.ibabynews.com/news/articleView.html?idxno=95877
271,'소비기한표시제가 없다니 화가 난다!',"소비자기후행동, 아이쿱소비자생활협동조합연합회, 환경운동연합 등 단체들이 16일 서울 영등포 국회 정문 앞에서 소비기한 표시제 도입을 촉구하는 기자회견을 가졌다. 이들은 기자회견에서 ""유통기한을 폐기 시점으로...",베이비뉴스,2021-06-16,https://www.ibabynews.com/news/articleView.html?idxno=95874
272,"""아이들이 살아갈 나라에 소비기한표시제가 답이다""","소비자기후행동, 아이쿱소비자생활협동조합연합회, 환경운동연합 등 단체들이 16일 서울 영등포 국회 정문 앞에서 소비기한 표시제 도입을 촉구하는 기자회견을 가졌다. 이들은 기자회견에서 ""유통기한을 폐기 시점으로...",베이비뉴스,2021-06-16,https://www.ibabynews.com/news/articleView.html?idxno=95876
273,나와 이웃과 지구를 살리는 소비기한 표시제,"소비자기후행동, 아이쿱소비자생활협동조합연합회, 환경운동연합 등 단체들이 16일 서울 영등포 국회 정문 앞에서 소비기한 표시제 도입을 촉구하는 기자회견을 가졌다. 이들은 기자회견에서 ""유통기한을 폐기 시점으로...",베이비뉴스,2021-06-16,https://www.ibabynews.com/news/articleView.html?idxno=95873
274,한국만 없는 '소비기한',"소비자기후행동, 아이쿱소비자생활협동조합연합회, 환경운동연합 등 단체들이 16일 서울 영등포 국회 정문 앞에서 소비기한 표시제 도입을 촉구하는 기자회견을 가졌다. 이들은 기자회견에서 ""유통기한을 폐기 시점으로...",베이비뉴스,2021-06-16,https://www.ibabynews.com/news/articleView.html?idxno=95872
275,[포토오늘] 우리만 없는 '소비기한표시제' 도입 촉구하는 퍼포먼스,ⓒ시사오늘 권희정 기자 소비자기후행동과 전국의 소비자 환경단체들이 16일 서울 여의도 국회 앞에서 유통기한 대신 소비기한표시제 도입을 촉구 퍼포먼스를 하고 있다. 소비기한 표시제는 유통기한을 식품 폐기...,시사오늘,2021-06-16,http://www.sisaon.co.kr/news/articleView.html?idxno=128539
276,"소비자ㆍ환경단체 ""소비기한 표시제 즉각 도입하라!""","사진=강봉조 기자 ""자원 낭비를 최소화하고, 온실가스 배출을 확실히 줄일 수 있는 소비기한 표시제를 즉각 도입하라."" 17일 열리는 국회 보건복지위윈회 소위원회에서 유통기한 대신 소비기한을 표시하는 내용을 담은...",식품저널 foodnews,2021-06-16,http://www.foodnews.co.kr/news/articleView.html?idxno=92719
277,[서울포토]‘우리만 없는 소비기한표시’,"16일 서울 여의도 국회 앞에서 소비자기후행동, 아이쿱생협연합회 및 환경단체 관계자들이 소비기한표시제 도입을 촉구하는 기자회견을 하고 있다. 2021.6.16",서울신문,2021-06-16,https://www.seoul.co.kr/news/newsView.php?id=20210616500077&wlog_tag3=naver
278,전국 소비자단체들 '소비기한' 도입 촉구,있는 소비기한표시제를 즉각 도입하라”고 주장했다. 소비자기후행동 이차경 공동대표는 ”소비기한표시제는 소비자에게 식품 폐기 시점에 대한 정확한 정보를 전달함으로써 소비자 안전을 높일 수 있는 제도일 뿐...,보건뉴스,2021-06-16,http://www.bokuennews.com/news/article.html?no=204846
279,"소비자 기후행동, 16일 소비기한표시제 도입 촉구 기자회견 열어","16일 11시 국회 정문에서 '소비기한표시제 도입 촉구' 주장 소비자에게 식품 폐기 시점 전달…소비자 안전 높이고 식품 낭비 줄일 수 있어 국회 보건복지위원회 소위원회서 17일 소비기한 표시제 관련 법안 논의 예정 (사)...",이로운넷,2021-06-16,https://www.eroun.net/news/articleView.html?idxno=25156
280,'소비기한표시 우리만 없네',소비자기후행동 회원들이 16일 서울 여의도 국회의사당 앞에서 열린 소비기한표시제 도입 촉구 기자회견에서 폐지로 만든 팻말을 들고 있다. 참가자들은 소비기한표시제가 소비자에게 식품 폐기 시점에 대한 정확한...,뉴스1,2021-06-16,https://www.news1.kr/photos/view/?4824717
281,'소비기한표시제 도입하라',"소비자기후행동, 아이쿱생협연합회 및 환경단체 관계자들이 16일 서울 여의도 국회 앞에서 기자회견을 열고 소비기한표시제 도입을 촉구하는 퍼포먼스를 벌이고 있다. 2021.6.16",연합뉴스,2021-06-16,http://yna.kr/PYH20210616133000013?did=1196m
282,'소비기한표시제 도입하라' 구호 외치는 참석자들,"소비자기후행동, 아이쿱생협연합회 및 환경단체 관계자들이 16일 서울 여의도 국회 앞에서 기자회견을 열고 소비기한표시제 도입을 촉구하고 있다. 2021.6.16",연합뉴스,2021-06-16,http://yna.kr/PYH20210616132200013?did=1196m
283,소비기한표시제 도입 촉구 기자회견,"소비자기후행동, 아이쿱생협연합회 및 환경단체 관계자들이 16일 서울 여의도 국회 앞에서 기자회견을 열고 소비기한표시제 도입을 촉구하고 있다. 2021.6.16",연합뉴스,2021-06-16,http://yna.kr/PYH20210616132500013?did=1196m
284,소비기한표시제 도입 촉구 기자회견,"소비자기후행동, 아이쿱생협연합회 및 환경단체 관계자들이 16일 서울 여의도 국회 앞에서 기자회견을 열고 소비기한표시제 도입을 촉구하고 있다. 2021.6.16",연합뉴스,2021-06-16,http://yna.kr/PYH20210616132300013?did=1196m
285,'소비기한표시제 도입하라' 구호 외치는 참석자들,"소비자기후행동, 아이쿱생협연합회 및 환경단체 관계자들이 16일 서울 여의도 국회 앞에서 기자회견을 열고 소비기한표시제 도입을 촉구하고 있다. 2021.6.16",연합뉴스,2021-06-16,http://yna.kr/PYH20210616132800013?did=1196m
286,'소비기한표시제 도입하라',"소비자기후행동, 아이쿱생협연합회 및 환경단체 관계자들이 16일 서울 여의도 국회 앞에서 기자회견을 열고 소비기한표시제 도입을 촉구하는 퍼포먼스를 벌이고 있다. 2021.6.16",연합뉴스,2021-06-16,http://yna.kr/PYH20210616132900013?did=1196m
287,소비기한표시제 도입 촉구 기자회견,"소비자기후행동, 아이쿱생협연합회 및 환경단체 관계자들이 16일 서울 여의도 국회 앞에서 기자회견을 열고 소비기한표시제 도입을 촉구하고 있다. 2021.6.16",연합뉴스,2021-06-16,http://yna.kr/PYH20210616132400013?did=1196m
288,'소비기한표시제 도입하라',"소비자기후행동, 아이쿱생협연합회 및 환경단체 관계자들이 16일 서울 여의도 국회 앞에서 기자회견을 열고 소비기한표시제 도입을 촉구하는 퍼포먼스를 벌이고 있다. 2021.6.16",연합뉴스,2021-06-16,http://yna.kr/PYH20210616132600013?did=1196m
289,소비기한표시제 도입 촉구 기자회견,"소비자기후행동, 아이쿱생협연합회 및 환경단체 관계자들이 16일 서울 여의도 국회 앞에서 기자회견을 열고 소비기한표시제 도입을 촉구하고 있다. 2021.6.16",연합뉴스,2021-06-16,http://yna.kr/PYH20210616132700013?did=1196m
290,'소비기한표시제 도입 촉구한다',= 소비자기후행동·아이쿱생협연합회·자원순환사회연대·환경운동연합 관계자들이 16일 오전 서울 여의도 국회 앞에서 소비기한표시제 도입 촉구 기자회견을 열고 구호를 외치고 있다. 2021.06.16,뉴스핌,2021-06-16,http://www.newspim.com/news/view/20210616000689
291,소비기한표시제 도입 촉구 퍼포먼스,= 소비자기후행동·아이쿱생협연합회·자원순환사회연대·환경운동연합 관계자들이 16일 오전 서울 여의도 국회 앞에서 소비기한표시제 도입 촉구 기자회견을 열고 퍼포먼스를 하고 있다. 2021.06.16,뉴스핌,2021-06-16,http://www.newspim.com/news/view/20210616000686
292,소비기한표시제 즉각 도입 촉구 퍼포먼스,= 소비자기후행동·아이쿱생협연합회·자원순환사회연대·환경운동연합 관계자들이 16일 오전 서울 여의도 국회 앞에서 소비기한표시제 도입 촉구 기자회견을 열고 퍼포먼스를 하고 있다. 2021.06.16,뉴스핌,2021-06-16,http://www.newspim.com/news/view/20210616000692
293,'소비기한표시제 도입 촉구!',= 소비자기후행동·아이쿱생협연합회·자원순환사회연대·환경운동연합 관계자들이 16일 오전 서울 여의도 국회 앞에서 열린 소비기한표시제 도입 촉구 기자회견에서 손피켓을 들고 있다. 2021.06.16,뉴스핌,2021-06-16,http://www.newspim.com/news/view/20210616000668
294,'소비기한 표시하자!',= 소비자기후행동·아이쿱생협연합회·자원순환사회연대·환경운동연합 관계자들이 16일 오전 서울 여의도 국회 앞에서 소비기한표시제 도입 촉구 기자회견을 하고 있다. 2021.06.16,뉴스핌,2021-06-16,http://www.newspim.com/news/view/20210616000669
295,소비기한표시제 도입 촉구 기자회견,= 소비자기후행동·아이쿱생협연합회·자원순환사회연대·환경운동연합 관계자들이 16일 오전 서울 여의도 국회 앞에서 소비기한표시제 도입 촉구 기자회견을 하고 있다. 2021.06.16,뉴스핌,2021-06-16,http://www.newspim.com/news/view/20210616000671
296,'소비기한표시제 즉각 도입하라',= 소비자기후행동·아이쿱생협연합회·자원순환사회연대·환경운동연합 관계자들이 16일 오전 서울 여의도 국회 앞에서 소비기한표시제 도입 촉구 기자회견을 하고 있다. 2021.06.16,뉴스핌,2021-06-16,http://www.newspim.com/news/view/20210616000675
297,"'NO 유통기한, YES 소비기한'",= 소비자기후행동·아이쿱생협연합회·자원순환사회연대·환경운동연합 관계자들이 16일 오전 서울 여의도 국회 앞에서 열린 소비기한표시제 도입 촉구 기자회견에서 손피켓을 들고 있다. 2021.06.16,뉴스핌,2021-06-16,http://www.newspim.com/news/view/20210616000667
298,소비기한표시제 도입촉구 기자회견,소비자기후행동 시민단체 회원들이 16일 서울 여의도 국회 정문 앞에서 소비기한표시제 도입을 촉구하는 기자회견을 하고 있다. 2021.06.16. bjko@newsis.com 공감언론 뉴시스가 독자 여러분의 소중한 제보를...,뉴시스,2021-06-16,http://www.newsis.com/view/?id=NISI20210616_0017565619
300,소비기한표시제 도입 촉구 기자회견,소비자기후행동 시민단체 회원들이 16일 서울 여의도 국회 정문 앞에서 소비기한표시제 도입을 촉구하는 기자회견을 하고 있다. 2021.06.16. bjko@newsis.com 공감언론 뉴시스가 독자 여러분의 소중한 제보를...,뉴시스,2021-06-16,http://www.newsis.com/view/?id=NISI20210616_0017565620
301,소비기한표시제 도입촉구 기자회견,소비자기후행동 시민단체 회원들이 16일 서울 여의도 국회 정문 앞에서 소비기한표시제 도입을 촉구하는 기자회견을 하고 있다. 2021.06.16. bjko@newsis.com 공감언론 뉴시스가 독자 여러분의 소중한 제보를...,뉴시스,2021-06-16,http://www.newsis.com/view/?id=NISI20210616_0017565626
302,소비기한표시제 지지!,소비자기후행동 시민단체 회원들이 16일 서울 여의도 국회 정문 앞에서 소비기한표시제 도입을 촉구하는 기자회견을 하고 있다. 2021.06.16. bjko@newsis.com 공감언론 뉴시스가 독자 여러분의 소중한 제보를...,뉴시스,2021-06-16,http://www.newsis.com/view/?id=NISI20210616_0017565627
303,소비기한표시제 도입촉구 기자회견,소비자기후행동 시민단체 회원들이 16일 서울 여의도 국회 정문 앞에서 소비기한표시제 도입을 촉구하는 기자회견을 하고 있다. 2021.06.16. bjko@newsis.com 공감언론 뉴시스가 독자 여러분의 소중한 제보를...,뉴시스,2021-06-16,http://www.newsis.com/view/?id=NISI20210616_0017565625
304,소비기한표시제 도입촉구 기자회견,소비자기후행동 시민단체 회원들이 16일 서울 여의도 국회 정문 앞에서 소비기한표시제 도입을 촉구하는 기자회견을 하고 있다. 2021.06.16. bjko@newsis.com 공감언론 뉴시스가 독자 여러분의 소중한 제보를...,뉴시스,2021-06-16,http://www.newsis.com/view/?id=NISI20210616_0017565618
305,우리만없는 소비기한표시,"소비자기후행동, 아이쿱생협연합회, 환경운동연합 등 회원들이 16일 서울 여의도 국회 정문 앞에서 소비기한표시제 도입을 촉구하는 기자회견을 하고 있다. 2021.06.16. bjko@newsis.com 공감언론 뉴시스가 독자...",뉴시스,2021-06-16,http://www.newsis.com/view/?id=NISI20210616_0017565636
306,소비기한표시제 도입촉구 기자회견,"소비자기후행동, 아이쿱생협연합회, 소비자단체 등 회원들이 16일 서울 여의도 국회 정문 앞에서 소비기한표시제 도입을 촉구하는 기자회견을 하고 있다. 2021.06.16. bjko@newsis.com 공감언론 뉴시스가 독자 여러분의...",뉴시스,2021-06-16,http://www.newsis.com/view/?id=NISI20210616_0017565635
307,'유통기한 말고 소비기한을 표시해야',소비자기후행동 회원들이 16일 서울 여의도 국회의사당 앞에서 열린 소비기한표시제 도입 촉구 기자회견에서 퍼포먼스를 하고 있다. 참가자들은 소비기한표시제가 소비자에게 식품 폐기 시점에 대한 정확한 정보를...,뉴스1,2021-06-16,https://www.news1.kr/photos/view/?4824667
308,'소비기한표시제 도입하라',소비자기후행동 회원들이 16일 서울 여의도 국회의사당 앞에서 열린 소비기한표시제 도입 촉구 기자회견에서 퍼포먼스를 하고 있다. 참가자들은 소비기한표시제가 소비자에게 식품 폐기 시점에 대한 정확한 정보를...,뉴스1,2021-06-16,https://www.news1.kr/photos/view/?4824666
309,소비자기후행동 '유통기한 말고 소비기한 도입하라',소비자기후행동 회원들이 16일 서울 여의도 국회의사당 앞에서 열린 소비기한표시제 도입 촉구 기자회견에서 퍼포먼스를 하고 있다. 참가자들은 소비기한표시제가 소비자에게 식품 폐기 시점에 대한 정확한 정보를...,뉴스1,2021-06-16,https://www.news1.kr/photos/view/?4824664
310,[쿠키포토] '소비기한표시제 도입하라',소비자기후행동과 아이쿱생협연합회 회원들이 16일 오전 서울 여의도 국회 앞에서 기자회견을 열고 소비기한표시제 도입을 촉구하고 있다.,쿠키뉴스,2021-06-16,http://www.kukinews.com/newsView/kuk202106160116
311,'나 아직 먹을 수 있거든!' 소비기한표시제 도입 촉구하는 시민단체 [TF사진관],"소비자기후행동과 아이쿱생협연합회 회원들이 16일 오전 서울 여의도 국회 앞에서 기자회견을 열고 소비기한표시제 도입을 촉구하며 퍼포먼스를 하고 있다. 소비자기후행동, 아이쿱소비자생활협동조합연합회...",더팩트,2021-06-16,http://news.tf.co.kr/read/photomovie/1868562.htm
312,"'소비기한표시제 없어, 화가 난다!' [포토]",소비자기후행동과 아이쿱생협연합회 회원들이 16일 오전 서울 여의도 국회 앞에서 기자회견을 열고 소비기한표시제 도입을 촉구하고 있다. ilty012@tf.co.kr 사진영상기획부,더팩트,2021-06-16,http://news.tf.co.kr/read/photomovie/1868554.htm
313,'소비기한표시제 도입' 촉구 기자회견 [포토],소비자기후행동과 아이쿱생협연합회 회원들이 16일 오전 서울 여의도 국회 앞에서 기자회견을 열고 소비기한표시제 도입을 촉구하고 있다. ilty012@tf.co.kr 사진영상기획부,더팩트,2021-06-16,http://news.tf.co.kr/read/photomovie/1868555.htm
314,[시선집중] 식품 폐기 줄이자...소비기한 도입 놓고 '환경보호' vs '변질사고' 분분,소비자기후행동은 14일 가공식품에 유통기한 대신 실제 먹을 수 있는 기한을 의미하는 소비기한을 단독 표기하는 '소비기한표시제' 도입을 촉구하는 성명서를 발표했다. 서울의 한 마트에서 유제품을 판매하고 있다....,업다운뉴스,2021-06-15,http://www.updownnews.co.kr/news/articleView.html?idxno=232577
315,소비자 이름으로 식품 '소비기한 표시제' 도입 촉구,"소비자기후행동 등 단체들은 16일 국회 정문 앞에서 식품 소비기한 표시제 도입을 촉구하는 기자회견 및 퍼포먼스를 할 예정이다. 사진은 기사 특정 사실과 관계 없음. 사진=식품저널DB ""소비자의 이름으로 소비기한 표시제...",식품저널 foodnews,2021-06-15,http://www.foodnews.co.kr/news/articleView.html?idxno=92706
316,"소비자기후행동, 소비기한표시제 촉구","14일 소비자기후행동은 성명을 내고 가공식품에 유통기한 대신 실제 먹을 수 있는 기한을 의미하는 소비기한을 단독 표기하는 '소비기한표시제' 도입을 제안했다. 소비자기후행동은 ""소비기한표시제는 과거와 달리 냉장...",내일신문,2021-06-15,http://www.naeil.com/news_view/?id_art=389351
317,유통기한 말고 '소비기한'으로 환경 지켜야,"한국농업신문, NEWSFARM 전국 소비자들이 2050년 탄소중립 실현을 위한 필수과제로 '소비기한표시제' 도입을 촉구하며 나섰다. 소비자기후행동(김은정 상임대표)은 가공식품에 유통기한 대신 실제 먹을 수 있는 기한을...",한국농업신문,2021-06-14,http://www.newsfarm.co.kr/news/articleView.html?idxno=70422
318,식품 폐기 손실 비용 한 해 평균 1.5조…“‘소비기한표시제’ 도입해야”,소비자기후행동은 ‘소비기한표시제’ 도입을 촉구하는 성명서를 발표했다. 소비자기후행동 이차경 상임이사는 “‘소비기한표시제’는 기후변화에 대응하고 2050년 탄소중립을 달성할 수 있는 가장 효과적이고 확실한...,메디컬투데이,2021-06-14,http://www.mdtoday.co.kr/mdtoday/index.html?no=422632
319,"소비자기후행동 ""유통기한 대신 '소비기한' 도입해야""","소비자기후행동은 14일 가공식품에 유통기한 대신 실제 먹을 수 있는 기한을 의미하는 소비기한을 단독 표기하는 '소비기한표시제' 도입을 촉구하는 성명서를 발표했다. 소비자기후행동은 ""소비기한표시제는...",대한급식신문,2021-06-14,http://www.fsnews.co.kr/news/articleView.html?idxno=43100
320,"소비자기후행동, '소비기한표시제' 도입 촉구 성명서 발표",기후변화 대응 및 2050년 탄소 중립 달성에 가장 효과적인 제도식품 소비 시점 고민하는 소비자에 정확한 정보 제공…소비 기한 단독 표기해야 출처=소비자기후행동 소비자기후행동(김은정 상임대표)이 '소비기한표시제...,이로운넷,2021-06-14,https://www.eroun.net/news/articleView.html?idxno=25131
321,"유통기한은 유통사 책임, '소비기한'은 누구 책임?…낙농·유업계 '반대'",낙농가와 유업계가 '소비기한 표시제'에 대해 강하게 반대하고 나섰다. 문제가 생긴 제품과 관련해 제조·유통사·소비자까지 책임 소재를 가리기 어렵고 원유 재고도 늘어날 가능성이 높다는 이유에서다. 특히 현행 0~10...,뉴스1,2021-06-09,https://www.news1.kr/articles/?4332730
322,[가고파] 소비기한- 강희정(편집부 차장대우),"▼소비기한 표시제 추진을 놓고 단순히 표시 날짜를 늘리는 것은 아닌지, 온도 등 보관의 안전성 문제에 대한 반대 여론도 만만찮다. 어떤 방식의 소비기한을 도입할지에 대한 의견도 쏟아지고 있다. 하지만 가장 중요한...",경남신문,2021-06-07,http://www.knnews.co.kr/news/articleView.php?idxno=1352872
323,소비기한 도입 놓고 논란 가열,식품 폐기량과 온실가스 배출량을 줄여 지속 가능한 지구 환경을 보전하는 데도 소비기한 표시제도 도움이 된다는 것이다. 이를 위해 현행 유통기한 대신 소비기한을 표시하도록 하는 등 식품표시광고법 등 관련...,e대한경제,2021-06-05,https://www.dnews.co.kr/uhtml/view.jsp?idxno=202106031344204900537
324,"날짜 일주일 지난 우유, 마실까 말까...‘소비기한’이 뭐길래",쓰레기 배출 등을 줄이는 방안으로 식약처는 ‘소비기한 표시제’ 도입을 추진하고 있습니다. 그렇다면 유통기한과 소비기한은 뭐가 다를까요? 위 사례의 A씨처럼 유통기한이 지난 식품을 앞에 두고 고민하는 사람을...,인더뉴스,2021-06-03,https://www.inthenews.co.kr/news/article.html?no=35345
325,[야고부] 소비기한,"'소비기한 표시제'는 37개 OECD 국가 대부분이 시행 중인데 규정된 보관 조건에서 소비할 경우 안전에 이상이 없는 기한을 말한다. 포장을 뜯지 않고 제대로 냉장 보관하면 우유는 50일, 달걀 25일, 치즈 70일 정도...",매일신문,2021-06-03,https://news.imaeil.com/InnerColumn/2021060218040269562
326,"식품용기 다시 쓰고, '소비기한' 추진…식약처, 탄소중립 속도","섭취 가능한 '소비기한' 표시로 식품 폐기량·온실가스 줄이고 식용곤충 안전성평가 등 지원… 재생 플라스틱 제도 개선도 식품 소비기한 표시제 도입, 식품 용기 재활용 등 식품의약품안전처가 식품 안전관리의 지속...",한국농어민신문,2021-06-01,http://www.agrinet.co.kr/news/articleView.html?idxno=301450
327,‘소비기한’ 도입 찬반 엇갈리는 식품업계,소비기한 표시제를 도입하면 식품 폐기량과 이산화탄소 등 온실가스 배출량을 줄여 지속 가능한 지구 환경 보전에 큰 도움이 될 것이라는 게 식약처의 설명이다. 국제 사회에서는 이미 소비기한 도입으로 무게추가...,아주경제,2021-06-01,http://www.ajunews.com/view/20210601153222395
328,"식약처‧낙농협회, '소비기한' 두고 충돌",소비기한 표시제 도입을 골자로 한 개정안은 일부 의원들의 실태조사 요구와 낙농협회 반대로 국회 문턱을 넘지 못했다. 올해 식약처는 '2021 P4G 서울정상회의 개최'를 계기로 탄소중립 등 미래 대비 식·의약 안전관리...,이뉴스투데이,2021-06-01,http://www.enewstoday.co.kr/news/articleView.html?idxno=1483766
329,"식품업계, ‘소비기한’ 도입 놓고 찬반논쟁 팽팽","식약처 관계자는 “유통기한이 지나도 일정 기간 섭취가 가능하지만, 소비자는 이를 폐기 시점으로 인식해 소비할 수 있는 식품을 폐기하는 경우가 다수 발생한다”며 “소비기한 표시제를 도입하면 식품 폐기량과...",데일리안언론사 선정,2021-06-01,https://www.dailian.co.kr/news/view/996312/?sc=Naver
330,"'유통기한' 지난 음식 버리시나요?... 식약처, '소비기한' 도입 추진","국제식품규격위원회(Codex)는 제조일자, 포장일자, 유통기한, 품질유지기한, 소비기한 등을 포장식품의 일자 표시제도로 인정하고 있다. 유럽연합(EU), 캐나다, 일본, 호주,영국, 홍콩과 중국 등 국가는 유통기한...",BBC,2021-05-31,https://www.bbc.com/korean/news-57305331?xtor=AL-73-%5Bpartner%5D-%5Bnaver%5D-%5Bheadline%5D-%5Bkorean%5D-%5Bbizdev%5D-%5Bisapi%5D
331,‘소비기한’ 표기 놓고 정부·유업계 ‘갈등’,"소비기한 표시제가 적용되면 개봉하지 않은 우유는 최대 50일이 지나도 먹을 수 있고, 치즈는 70일이 지나도 섭취가 가능해진다. 이처럼 소비기한 표시는 소비자에게 음식 섭취 가능 기한에 대한 명확한 정보를 제공해...",브릿지경제,2021-05-31,http://www.viva100.com/main/view.php?key=20210531010006693
332,"정부, 유통기한 보다 긴 ‘소비기한’ 도입 추진",식품 소비기한 표시제 도입을 주요 추진 사례로 소개했다. ‘소비기한’은 식품을 섭취하는 등 소비해도 건강이나 안전에 이상이 없을 것으로 인정되는 소비 최종 기한을 뜻한다. 규정된 보관조건에서 보관하다 소비해도...,어린이동아,2021-05-31,http://kids.donga.com/news/vv.php?type=news&id=20210531150717175131
333,‘유통기한’ 대신 ‘소비기한’ 도입... 불필요한 음식물쓰레기 줄인다,"이에 경제협력개발기구(OECD) 37개국과 동남아시아, 아프리카 내 대부분의 국가에서 소비기한 표시제를 도입했다. 2018년 국제식품규격위원회(CODEX)는 식품기한 지표에서 유통기한을 삭제했다. 식약처는 ""유통기한이...",더나은미래,2021-05-31,https://futurechosun.com/?p=56037
334,유통기한 대신 '소비기한' 표시 추진…음식 쓰레기 줄인다,탄소중립 시대 대비 식품·의약품 안전관리 체계 강화정책 가운데 하나로 식품 소비기한 표시제 도입을 추진한다는 설명이다. 국제학술지 '사이언스(Science)'에 실린 연구결과에 따르면 2018년 세계 온실가스 배출량의 26%는...,오피니언뉴스,2021-05-31,http://www.opinionnews.co.kr/news/articleView.html?idxno=50618
335,유통기한 대신 소비기한 도입···날짜만 늘리면 되나,"소비기한 표시제를 도입하면 식품 폐기량과 온실가스 배출량을 줄여 환경보전에 도움이 될 수 있다. 소비자들은 소비기한 도입을 반기면서도 혼란 야기를 우려했다. ""제조일, 도소매점 유통기한, 최종 소비기한까지...",뉴시스,2021-05-31,http://www.newsis.com/view/?id=NISX20210531_0001458648&cID=13001&pID=13000
336,"식약처 ""식품에 유통기한 대신 소비기한 표시 추진…식품 폐기 감소 기대""","식약처는 ""소비자들이 유통기한을 식품 폐기 시점으로 인식해 소비 가능한 식품을 버리는 경우가 많이 발생한다""며 ""전 세계 온실가스 배출량의 26%는 식품 생산, 6%는 음식쓰레기가 원인인 만큼 소비기한 표시제를...",여성소비자신문,2021-05-31,http://www.wsobi.com/news/articleView.html?idxno=123424
337,식품 '소비기한 표시제' 도입 추진,"식약처 전경 주요 추진 개선사례는 ▲식품 소비기한 표시제 도입 추진 ▲대체 단백질식품 안전관리 기반 마련 ▲식품, 화장품 용기 재활용성 확대 ▲온라인 전자문서 활용 확대 등이다. 현행 '유통기한' 대신 해외 규제와...",의학신문,2021-05-31,http://www.bosa.co.kr/news/articleView.html?idxno=2151692
338,'탄소저감' 위한 '소비기한 표시제' 도입…유통기한 지나도 섭취 가능,오송 식품의약품안전처  현행 '유통기한' 대신 소비자 혼란이나 식품폐기 감소 등을 위해 '소비기한 표시제' 도입이 추진된다. 식약처 미래 대비 식·의약 안전관리 제도 개선 추진/제공= 식약처 식품의약품안전처(이하...,한스경제,2021-05-31,http://www.sporbiz.co.kr/news/articleView.html?idxno=525234
339,멀쩡한 음식 못 버리게…유통기한 대신 소비기한 쓴다,현행 유통기한보다 기간이 늘어난 소비기한 표시제도 도입이 추진된다. 식품의약품안전처는 탄소중립 시대 대비 식품·의약품 안전관리 체계 강화정책 가운데 하나로 식품 소비기한 표시제 도입을 추진한다고 30일 밝혔다....,파이낸셜뉴스,2021-05-30,http://www.fnnews.com/news/202105301938332100
340,음식물 '유통기한' 대신 '소비기한' 표기 추진,"이에 따라 환경단체 등은 음식 쓰레기를 줄이기 위해 식품 소비기한 표시제 도입을 주장해왔다. 실제로 유럽연합(EU), 일본 등 경제협력개발기구(OECD) 37개국은 물론 동남아시아·아프리카의 대부분 국가에서도 유통기한이...",아이뉴스24,2021-05-30,http://www.inews24.com/view/1371414
341,"멀쩡한데 버려지는 음식품, '유통기한' 대신 '소비기한' 표기로 바꾼다","이에 따라 환경단체 등은 음식 쓰레기를 줄이기 위해 식품 소비기한 표시제 도입을 주장해왔다. 실제로 유럽연합(EU), 일본 등 경제협력개발기구(OECD) 37개국은 물론 동남아시아·아프리카의 대부분 국가에서도 유통기한이...",한국일보언론사 선정,2021-05-30,https://hankookilbo.com/News/Read/A2021053013320005827?did=NA
342,"멀쩡한 음식 버리는 ‘유통기한’, 더 긴 ‘소비기한’으로 바꾼다","식약처는 “현행 유통기한은 기한이 지나도 일정 기간 섭취가 가능하지만, 소비자들은 폐기 시점으로 인식하고 있다”며 “소비기한 표시제를 도입하면 식품 폐기량과 온실가스 배출량을 줄여 지속 가능한 지구 환경...",한겨레언론사 선정,2021-05-30,http://www.hani.co.kr/arti/society/health/997242.html
343,"""유통기한 지나도 섭취 가능"" 식약처 '소비기한' 도입",소비자는 이를 폐기 시점으로 인식해 소비할 수 있는 식품을 폐기하는 경우가 많이 발생한다. 소비기한 표시제를 도입하면 식품 폐기량과 온실가스 배출량을 줄여 환경 보전에 큰 도움이 될 것”이라고 밝혔다.,스포츠서울,2021-05-30,http://www.sportsseoul.com/news/read/1044593?ref=naver
344,"""유통기한 대신 소비기한""…온실가스 줄이기 나선 식약처","그러면서 ""전 세계 온실가스 배출량의 26%는 식품 생산, 6%는 음식쓰레기가 원인인 만큼 소비기한 표시제를 도입하면 식품 폐기량과 온실가스 배출량을 줄여 환경 보전에 큰 도움이 될 것""이라고 전망했다. 식약처에...",여성신문,2021-05-30,http://www.womennews.co.kr/news/articleView.html?idxno=212131
345,‘유통기한→소비기한’ 도입 등… 식약처 식·의약 안전관리 제도 개선 추진,"주요 추진 개선사례는 △식품 소비기한 표시제 도입 추진 △대체 단백질식품 안전관리 기반 마련 △식품, 화장품 용기 재활용성 확대 △온라인 전자문서 활용 확대 등이다. 우선 현재 제품의 제조일로부터 소비자에게...",브릿지경제,2021-05-30,http://www.viva100.com/main/view.php?key=20210530010006353
346,"“유통기한 지나도 괜찮아요”… 식약처, 식품 소비기한 표시 추진","식약처는 “식품은 유통기한이 지나도 일정 기간 섭취 가능하지만 소비자는 이를 폐기 시점으로 인식해 소비할 수 있는 식품을 폐기하는 경우가 많이 발생한다”며 “""소비기한 표시제를 도입하면 식품 폐기량과...",머니S,2021-05-30,http://moneys.mt.co.kr/news/mwView.php?no=2021053011188097582
347,멀쩡한 음식 버리는 유통기한 대신 ‘소비기한’ 쓰자,식품의약품안전처는 식품 폐기량을 줄이기 위해 소비기한 표시제도 도입을 추진하고 있다. 식약처는 ‘2021 P4G 서울 녹색미래 정상회의’ 개최를 계기로 기후변화 대응과 지속 가능한 발전을 위해 식품·의약품 분야에서...,경향신문,2021-05-30,http://news.khan.co.kr/kh_news/khan_art_view.html?artid=202105301050001&code=940100
348,온실가스 배출 줄이고자 '소비기한' 도입 추진,"식약처 관계자는 ""유통기한이 지나도 일정 기간 섭취가 가능하지만, 소비자는 이를 폐기 시점으로 인식해 소비할 수 있는 식품을 폐기하는 경우가 다수 발생한다""며 ""소비기한 표시제를 도입하면 식품 폐기량과...",데일리굿뉴스,2021-05-30,http://goodnews1.com/news/news_view.asp?seq=113629
349,"식약처, 식품에 유통기한 대신 소비기한 표시 추진","식약처 관계자는 ""유통기한이 지나도 일정 기간 섭취가 가능하지만, 소비자는 이를 폐기 시점으로 인식해 소비할 수 있는 식품을 폐기하는 경우가 다수 발생한다""며 ""소비기한 표시제를 도입하면 식품 폐기량과...",SBS Biz언론사 선정,2021-05-30,https://biz.sbs.co.kr/article_hub/20000017310?division=NAVER
350,"[SR유통] 식약처, 유통기한 지나도 음식 섭취 가능한 '소비기한' 도입 추진","식약처 관계자는 ""유통기한이 지나도 일정 기간 섭취가 가능하지만, 소비자는 이를 폐기 시점으로 인식해 소비할 수 있는 식품을 폐기하는 경우가 다수 발생한다""며 ""소비기한 표시제를 도입하면 식품 폐기량과...",SR타임스,2021-05-30,http://www.srtimes.kr/news/articleView.html?idxno=94312
351,"""유통기한 지나도 취식 가능""…'소비기한' 도입 추진","식약처는 ""유통기한이 지나도 일정 기간 섭취 가능하지만, 소비자는 이를 폐기 시점으로 인식해 소비할 수 있는 식품을 폐기하는 경우가 다수 발생한다""며 ""소비기한 표시제를 도입하면 식품 폐기량과 이산화탄소 등...",SBS,2021-05-30,https://news.sbs.co.kr/news/endPage.do?news_id=N1006336555&plink=ORI&cooper=NAVER
352,유통기한 지나도 섭취 가능…'탄소저감' 위한 '소비기한 표시제',"주요 추진 개선사례는 ▲식품 소비기한 표시제 도입 추진 ▲대체 단백질식품 안전관리 기반 마련 ▲식품, 화장품 용기 재활용성 확대 ▲온라인 전자문서 활용 확대 등이다. 우선 현행 ‘유통기한’ 대신 해외 규제와 조화...",쿠키뉴스,2021-05-30,http://www.kukinews.com/newsView/kuk202105290045
353,식품에 유통기한 대신 소비기한 표시 추진한다,"전 세계 온실가스 배출량의 26%는 식품 생산, 6%는 음식쓰레기가 원인인 만큼 소비기한 표시제를 도입하면 식품 폐기량과 온실가스 배출량을 줄여 환경 보전에 큰 도움이 될 것이라는 설명이다. 이와 함께 식약처는 식용...",뉴시스,2021-05-30,http://www.newsis.com/view/?id=NISX20210530_0001457903&cID=13107&pID=13100
354,유통기한 지나도 음식 섭취 가능한 '소비기한' 도입 추진,"식약처 관계자는 ""유통기한이 지나도 일정 기간 섭취가 가능하지만, 소비자는 이를 폐기 시점으로 인식해 소비할 수 있는 식품을 폐기하는 경우가 다수 발생한다""며 ""소비기한 표시제를 도입하면 식품 폐기량과...",연합뉴스,2021-05-30,http://yna.kr/AKR20210529027900530?did=1195m
355,소비기한 남아 섭취 가능한 식품에 관심 집중…'유통기한 임박상품’이 뜬다,"또한 ‘소비기한 표시제가 소비자의 혼란을 방지하고, 외식업체의 식품 폐기 비용 절감에 도움이 될 것으로 생각하느냐’는 질문에 71%가 긍정적으로 응답했다. 이에 따라 소비기한을 사용하면 섭취 가능한 식품을...",디지틀조선일보,2021-05-28,http://digitalchosun.dizzo.com/site/data/html_dir/2021/05/28/2021052880026.html
356,'소비기한' 도입 추진…식품업계 '숙원사업 vs 혼란 가중' 팽팽,음식물 쓰레기량을 줄이기 위한 방안으로 식품의약품 안전처는 사회적 공론화를 거친 후 함께 '소비자 중심의 식품 소비기한 표시제 도입 방안'을 논의한다는 계획이다. 소비기한 표기가 정착될 경우 유통기한으로...,뉴시스,2021-05-06,http://www.newsis.com/view/?id=NISX20210506_0001431371&cID=13001&pID=13000
357,[지지대] 소비기한제 도입,해외 주요 국가는 대부분 소비기한표시제를 도입했다. 국제식품규격위원회는 2016년 유통기한 삭제에 합의하고 2018년 소비기한 사용을 결정했다. 소비자에게 혼란을 주고 음식물쓰레기를 양산할 수 있다는 이유에서다....,경기일보,2021-04-25,http://www.kyeonggi.com/news/articleView.html?idxno=2359992
358,‘유통기한≠소비기한’ 알고 계십니까? [뉴스+],유통기한 지나 버려지는 음식들… '소비기한표시제' 도입 목소리 기존 ‘유통기한’보다 폐기 시점 늦춰져 이산화탄소 배출량·처리 비용 등 감소 식빵 20일·액상커피 30일·치즈 70일 보관조건 지켜질 경우 섭취기간...,세계일보언론사 선정,2021-04-22,http://www.segye.com/content/html/2021/04/21/20210421519543.html?OutUrl=naver
359,“음식쓰레기 줄일 소비기한 도입을”,"22일 ‘지구의 날’을 맞아 음식물쓰레기를 대폭 줄일 수 있는 ‘소비기한표시제’ 도입 목소리가 높아지고 있다. 소비기한표시제는 기존 ‘유통기한’과 달리 식품을 섭취해도 안전한 기한을 제품에 적는 제도다....",세계일보언론사 선정,2021-04-21,http://www.segye.com/content/html/2021/04/21/20210421516908.html?OutUrl=naver
360,"""설익은 '소비기한' 강행, 낙농가 설 자리 없어""","한국농업신문, NEWSFARM 최근 식품표시광고법 일부개정법률안에 대한 국회 심의가 조만간 재개될 것으로 예측되면서, '소비기한 표시제'의 향방에 관심이 쏠리고 있다. 낙농업계는 이 같은 조치는 국내 낙농·유가공산업과...",한국농업신문,2021-04-20,http://www.newsfarm.co.kr/news/articleView.html?idxno=67904
361,[기자수첩]지금이 소비기한 표시제 도입 적기,"멀쩡한 식재료, 가공식품들을 버리는 일이 많아 소비기한 표시제도 도입이 시대적 과제로 떠오르고 있다. 지난해 환경부 조사에 따르면 음식물쓰레기 처리 비용으로만 연간 2조원이 투입됐다. 음식물쓰레기 양은 평균...",아시아경제언론사 선정,2021-04-19,https://view.asiae.co.kr/article/2021041910001426835
362,설익은 '소비기한' 강행…낙농업계 반발 확산,"이와 더불어 소비자 혼란을 방지하기 위해 소비기한 표시제 도입 이전에 식품별 냉장온도, 제품보관방법 등 철저한 소비자 교육이 반드시 필요하다. 허나 식약처는 법개정 시 유예기간 확보를 통해 안전관리강화 및...",농축유통신문,2021-04-15,http://www.amnews.co.kr/news/articleView.html?idxno=45808
363,외식업체 68% “소비기한 표시제 도입을”,한국외식산업연구원 인식 조사 식품 폐기시점 혼란 줄이고 음식점 식재료비 절감 도움 국내 외식업체 종사자 10명 중 7명은 ‘유통기한 표시제’ 대신 ‘소비기한 표시제’를 도입하는 데 동의하는 것으로 나타났다....,농민신문,2021-04-13,http://www.nongmin.com/article/ar_detail.htm?ar_id=605575
364,"낙육협, 소비기한 표시 반대",식품의약안전처가 식품폐기 감소를 목적으로 유통기한 대신 소비기한 표시제 도입을 예고한 가운데 '식품표시광고법 일부개정법률안'에 대한 국회심의가 지난해 계류된 이후 조만간 재개될 것으로 예측되고 있다. 이에...,농수축산신문,2021-04-13,http://www.aflnews.co.kr/news/articleView.html?idxno=209470
365,“유통기한 지났지만 멀쩡한 식재료 아까웠는데…” 외식업계 71% '소비기한 표시제' 도입 목소리,코로나19 장기화로 어려움을 겪는 외식업계가 '소비기한 표시제'를 주목하고 있다. 소비기한을 기준으로 할 경우 유통기한보다 식자재 보관 기한이 길어져 재료비 절감과 함께 식품 폐기 비용도 아낄 수 있기 때문이다....,강원일보,2021-04-13,http://www.kwnews.co.kr/nview.asp?aid=221041200139
366,"외식업체 68% ""유통기한보다 긴 '소비기한' 도입해야""","11일 한국외식산업연구원이 올해 2월 22∼28일 전국 외식업체 종사자 1023명을 대상으로 방문·전화 조사한 결과에 따르면 '소비기한 표시제가 소비자의 혼란을 방지하고, 외식업체의 식품 폐기 비용 절감에 도움이 될...",데일리한국,2021-04-11,https://daily.hankooki.com/lpage/industry/202104/dh20210411212910147950.htm?s_ref=nv
367,"[맛있는TMI]외식업체 68% ""유통기한 대신 소비기한 도입해야""","11일 한국외식산업연구원이 올해 2월 22∼28일 전국 외식업체 종사자 1023명을 대상으로 방문·전화 조사한 결과에 따르면 ‘소비기한 표시제가 소비자의 혼란을 방지하고, 외식업체의 식품 폐기 비용 절감에 도움이 될...",이데일리언론사 선정,2021-04-11,http://www.edaily.co.kr/news/newspath.asp?newsid=01895846629015136
368,"외식업계, “‘유통기한’ 보다 긴 ‘소비기한' 도입해야”","11일 한국외식산업연구원이 지난 2월 22∼28일 전국 외식업체 종사자 1023명을 대상으로 방문·전화 조사한 결과에 따르면 ‘소비기한 표시제가 소비자의 혼란을 방지하고, 외식업체의 식품 폐기 비용 절감에 도움이 될...",스포츠경향,2021-04-11,http://sports.khan.co.kr/news/sk_index.html?art_id=202104111317003&sec_id=561901&pt=nv
369,"외식업계 ""유통기한보다 긴 '소비기한' 도입해야""","11일 한국외식산업연구원이 올해 2월 22일부터 28일까지 전국 외식업체 종사자 1023명을 대상으로 방문·전화 조사한 결과에 따르면 '소비기한 표시제가 소비자의 혼란을 방지하고, 외식업체의 식품 폐기 비용 절감에...",매일일보,2021-04-11,http://www.m-i.kr/news/articleView.html?idxno=817535
370,"유통기한보다 긴 '소비기한'…외식업체 68% ""도입 필요""","11일 한국외식산업연구원이 올해 2월 22∼28일 전국 외식업체 종사자 1천23명을 대상으로 방문·전화 조사한 결과에 따르면 '소비기한 표시제가 소비자의 혼란을 방지하고, 외식업체의 식품 폐기 비용 절감에 도움이 될...",매일경제TV,2021-04-11,http://mbnmoney.mbn.co.kr/news/view?news_no=MM1004318748
371,유통기한 아닌 소비기한 표시를 도입해야...외식업계,"11일 한국외식산업연구원이 올해 2월 22∼28일 전국 외식업체 종사자 1023명을 대상으로 조사한 결과에 따르면 '소비기한 표시제가 소비자의 혼란을 방지하고, 외식업체의 식품 폐기비용 절감에 도움이 될 것으로...",디지털타임스,2021-04-11,http://www.dt.co.kr/contents.html?article_no=2021041102100932060001&ref=naver
372,"외식업체, ""유통기한보다 긴 '소비기한' 도입해야""…코로나19·농산물값 급등 속 비용 절감 '기대'","11일 한국외식산업연구원이 올해 2월 22일부터 28일까지 전국 외식업체 종사자 1023명을 대상으로 조사한 결과에 따르면 '소비기한 표시제가 소비자의 혼란을 방지하고, 외식업체의 식품 폐기 비용 절감에 도움이 될...",스포츠조선,2021-04-11,http://sports.chosun.com/news/ntype.htm?id=202104120100086450005537&servicedate=20210411
373,유통기한보다 긴 ‘소비기한’ 도입에 찬반 ‘팽팽’,"11일 업계에 따르면 식품의약품안전처가 식품에 적용되는 유통기한 대신 소비기한 표시제 도입을 위한 식품표시광고법 개정을 예고한 가운데, 관련 법안에 대한 국회 심의가 곧 재개될 것으로 보인다. 외식업계는 관련...",브릿지경제,2021-04-11,http://www.viva100.com/main/view.php?key=20210411010002844
374,"유통기한보다 긴 '소비기한'…외식업체 68% ""도입해야""","한국외식산업연구원이 전국 외식업체 종사자 1천23명을 대상으로 설문 조사한 결과에 따르면, '소비기한 표시제가 소비자의 혼란을 방지하고, 외식업체의 식품 폐기 비용 절감에 도움이 될 것으로 생각하느냐'는 질문에 71...",SBS,2021-04-11,https://news.sbs.co.kr/news/endPage.do?news_id=N1006275344&plink=ORI&cooper=NAVER
375,"유통기한보다 긴 '소비기한'…외식업체 68% ""도입해야""","11일 한국외식산업연구원이 올해 2월 22∼28일 전국 외식업체 종사자 1천23명을 대상으로 방문·전화 조사한 결과에 따르면 '소비기한 표시제가 소비자의 혼란을 방지하고, 외식업체의 식품 폐기 비용 절감에 도움이 될...",연합뉴스언론사 선정,2021-04-11,http://yna.kr/AKR20210401134100030?did=1195m
376,유통기한 대신 소비기한 표시…낙농육우협회는 '반대',"식약처, 관련법 개정 예고 불완전한 냉장관리 탓 유통 중 우유 변질 등 우려 식품의약품안전처가 식품에 적용되는 유통기한 대신 소비기한 표시제 도입을 위한 식품표시광고법 개정을 예고한 가운데 관련 법안에 대한 국회...",한국농어민신문,2021-04-09,http://www.agrinet.co.kr/news/articleView.html?idxno=300183
377,식약처 '식품 소비기한 도입' 두고 한국낙농육우협회 반대 성명,"'식품 소비기한 표시제'도입을 두고 식품의약품안전처(처장 이의경, 이하 식약처)와 낙농·유업계의 의견이 맞서고 있다. 지난해 6월 소비자단체·학계·업계가 함께 '소비자 중심의 식품 소비기한 표시제 도입 방안'을...",대한급식신문,2021-04-08,http://www.fsnews.co.kr/news/articleView.html?idxno=42219
378,식품 소비기한 표시제 도입 캠페인,"캠페인은 식품 폐기 시점에 대한 혼란 방지를 위한 소비기한 표시제 도입 촉구를 위해 마련됐다. 캠페인 참여자는 유통기한이 표시된 식품에 소비기한 관련 메시지를 적어 인증사진을 찍고, 해시태그와 함께...",한겨레,2021-04-08,http://www.seouland.com/arti/society/society_general/8144.html
379,"""유통기한제 폐지…소비기한 표시제도 도입해야""","소비자기후행동, SNS 캠페인 '앵그리푸드' 진행 소비자기후행동이 '소비기한 표시제도' 도입 촉구를 위해 사회관계망 서비스(SNS)를 활용한 참여형 캠페인 '앵그리푸드'를 시작했다. 이번 캠페인은 '유통기한'이 먹을 수...",농축유통신문,2021-04-08,http://www.amnews.co.kr/news/articleView.html?idxno=45744
380,"소비자기후행동, 소비기한 표시제 도입 촉구 '앵그리푸드 캠페인' 전개",소비자기후행동이 소비기한 표시제도 도입을 촉구하기 위해 사회관계망 서비스(SNS)를 활용한 '앵그리푸드' 캠페인을 시작한다고 지난 1일 밝혔다. 이번 캠페인은 유통기한을 먹을 수 있는 기한이라고 여기는...,농수축산신문,2021-04-02,http://www.aflnews.co.kr/news/articleView.html?idxno=209155
381,"""소비기한 표시제 도입 캠페인 '앵그리푸드'에 참여하세요""","소비자기후행동, 소비기한 표시해 음식물 쓰레기 줄이는 '앵그리푸드' 캠페인 진행 앵그리푸드 캠페인 대표 이미지./출처=소비자기후행동 소비자기후행동이 소비기한 표시제도 도입 촉구를 위해 '앵그리푸드' 캠페인을...",이로운넷,2021-04-02,https://www.eroun.net/news/articleView.html?idxno=24071
382,"소비자기후행동, 소비기한 표시제 도입 촉구 캠페인","자료: 소비자기후행동 소비자기후행동(상임대표 김은정)이 소비기한 표시제도 도입을 촉구하는 SNS 참여형 캠페인 '앵그리푸드'를 벌인다. 소비자기후행동은 ""유통기한이 먹을 수 있는 기한이라는 선입견을 해소하고...",식품저널 foodnews,2021-04-01,http://www.foodnews.co.kr/news/articleView.html?idxno=91770
383,소비기한 도입은 시대적으로 요구되는 과제다,CODEX(국제식품규격위원회) 및 다수 선진국에서도 유통기한은 소비자가 식품의 폐기 시점 등으로 오인할 수 있어 식품 섭취가 가능한 기한인 소비기한 표시제를 사용하도록 권고하고 있습니다.,식품저널 foodnews,2021-03-10,http://www.foodnews.co.kr/news/articleView.html?idxno=91476
384,'유통기한·소비기한 동시 표기' 가능할까,주무부처인 식품의약품안전처는 지난해 6월 식품 소비기한을 주제로 진행한 토론회에서 소비기한 표시제 시행 시 섭취 가능한 기한의 증가로 버려지는 음식물 등을 줄일 수 있어 폐기 비용 등을 절감할 수 있을 것으로...,대한급식신문,2021-02-26,http://www.fsnews.co.kr/news/articleView.html?idxno=41733
385,건강기능식품 유통기한·소비기한 함께 표시하면?,하지만 현행 유통기한 표시제는 유통기한이 식품의 최종 섭취가 가능한 시점으로 인식해 소비자가 유통기한이 지난 식품 등을 폐기하거나 반품하는 등의 문제가 발생하고 있다. 개정법률안은 이에 따라 식품 등의...,약사공론,2021-02-25,https://www.kpanews.co.kr/article/show.asp?idx=220338&category=B
386,﻿식품표시 소비기한 신설 및 기존 유통기한과 병행표기 가능,"이와 관련하여 식약처는 “소비기한 표시제 도입을 추진하고 있으며, 소비기한표시제가 시행 시 섭취가 가능한 기한의 증가로 버려지는 음식물 등을 줄일 수 있어 폐기 비용 등을 절감할 수 있을 것이다”고 설명했다....",메디컬월드뉴스,2021-02-17,http://medicalworldnews.co.kr/news/view.php?idx=1510940434
387,"고영인, 식품 섭취 가능한 '소비기한' 표시제 도입","이와 관련해 식약처는 소비기한 표시제 도입을 추진하고 있으며, 소비기한 표시제가 시행되면 섭취가 가능한 기한의 증가로 버려지는 음식물 등을 줄일 수 있어 폐기 비용 등을 절감할 수 있을 것이라고 설명했다. 안산=",기호일보,2021-02-16,http://www.kihoilbo.co.kr/news/articleView.html?idxno=911624
388,"민주당 고영인 의원, 유통·소비기한 병기하는 '식품표시광고법 개정안' 대표발의","이와 관련하여 식약처는 소비기한 표시제 도입을 추진하고 있으며, 소비기한표시제가 시행 시 섭취가 가능한 기한의 증가로 버려지는 음식물 등을 줄일 수 있어 폐기 비용 등을 절감할 수 있을 것이라고 설명했다....",경기일보,2021-02-16,http://www.kyeonggi.com/news/articleView.html?idxno=2347139
389,"""유통기한·소비기한 동시 표기"" 법 개정안 발의",식약처는 소비기한표시제가 시행 시 섭취가 가능한 기한의 증가로 버려지는 음식물 등을 줄일 수 있어 폐기 비용 등을 절감할 수 있을 것이라고 보고 있다. 또한 보건산업진흥원 조사에 따르면 폐기 등 연간 최대 1조...,대한급식신문,2021-02-16,http://www.fsnews.co.kr/news/articleView.html?idxno=41594
390,"고영인 의원, ‘유통·소비기한’ 같이 쓰는 식품표시광고법 대표발의",이와 관련해 식약처는 소비기한 표시제 도입을 추진하고 있으며 소비기한표시제가 시행 시 섭취가 가능한 기한의 증가로 버려지는 음식물 등을 줄일수 있어 폐기 비용 등을 절감할 수 있을 것이라고 설명했다....,NSP통신,2021-02-16,http://www.nspna.com/news/?mode=view&newsid=483693
391,"[식약처 2021 업무계획] ""비대면 식품 소비 안전관리 강화…소비기한 표시제 6월 도입""",영양표시 의무대상 115→176개 GMO 완전표시제 방안 마련 ▲소비자의 눈높이에 맞는 정보 제공=오는 6월부터 유통기한 대신 소비기한 표시제가 도입된다. 유통기한은 식품 판매가 허용되는 기한이며...,한국농어민신문,2021-01-29,http://www.agrinet.co.kr/news/articleView.html?idxno=182598
