"company_id","company_name"
1,(농) 솔티마을(주)
2,(유)금토일종합식품 농업회사법인
3,(유)만나씨푸드
4,(유)호식식품
5,(주) 거풍푸드
6,(주) 시즈너
7,(주) 오성푸드
8,(주) 푸르밀
9,(주)강릉심해두부
10,(주)강릉최가두부
11,(주)강산푸드앤덕
12,(주)강성원우유
13,(주)견우푸드
14,(주)계명식품
15,(주)고향미트
16,(주)골드웰
17,(주)광주식품 농업회사법인
18,(주)구스베
19,(주)국민푸드
20,(주)국보푸드시스템
21,(주)국제농산
22,(주)국제식품
23,(주)그린
24,(주)그린바이텍
25,(주)그린식품
26,(주)금녕에프앤씨
27,(주)금수명가
28,(주)금화
29,(주)꿈꾸는콩
30,(주)나래식품
31,(주)남도애꽃
32,(주)남부식품
33,(주)내먹
34,(주)네오스푸드시스템
35,(주)녹선
36,(주)농부
37,(주)농협목우촌
38,(주)늘봄식품
39,(주)늘푸른
40,(주)늘푸른바다
41,(주)늘푸른초원
42,(주)늘푸름
43,(주)다내축산 2공장
44,(주)다온푸드서비스
45,(주)다우린
46,(주)다파라미트
47,(주)달구지푸드
48,(주)대광에프앤씨
49,(주)대명에프에스
50,(주)대성축산
51,(주)대송
52,(주)대신물산
53,(주)대신푸드글로벌
54,(주)대한애그리컬쳐
55,(주)대홍 농업회사법인
56,(주)더고기
57,(주)더네이비플레이트
58,(주)더비앤비푸드
59,(주)더엘미트
60,(주)더푸른식품
61,(주)덕성푸드
62,(주)덕스 농업회사법인
63,(주)덕앤덤푸드
64,(주)데어리젠
65,(주)데일리후레쉬
66,(주)도들샘
67,(주)도야지식품
68,(주)돈덴？코리아
69,(주)동원F&B
70,(주)동원F&B 수원공장
71,(주)동원F&B(에프앤비) 정읍공장
72,(주)동원F＆B
73,(주)동원에프앤비 강진공장
74,(주)동해식품
75,(주)동화식품
76,(주)두루
77,(주)두솔
78,(주)둥지식품
79,(주)디앤제이비즈
80,(주)라자트푸드 대구동구지점
81,(주)려강 제2공장
82,(주)로이스푸드시스템
83,(주)로젠치즈앤푸드
84,(주)마니커 동두천지점
85,(주)마니커 천안지점
86,(주)마니커에프앤지(F&G)
87,(주)마루종합식품
88,(주)마이
89,(주)맑은동해
90,(주)맑은물에
91,(주)맑은식품
92,(주)맑은해오름
93,(주)맛뜰안식품
94,(주)맛조은푸드
95,(주)명가식품
96,(주)명세
97,(주)명원홀딩스
98,(주)모닝에프디
99,(주)모란식품
100,(주)미가원
101,(주)미드미푸드
102,(주)미래스타푸드
103,(주)미래웰푸드
104,(주)미르스타에프엔디
105,(주)미르스타푸드
106,(주)미리내
107,(주)미소담은
108,(주)미앤미
109,(주)미젤 제2공장
110,(주)미토리
111,(주)미트라인
112,(주)미트메이드
113,(주)미트뱅크
114,(주)미트벨리
115,(주)바이올푸드
116,(주)반석에프에스
117,(주)배달돼지
118,(주)범어푸드
119,(주)보람식품
120,(주)보성일억조코리아
121,(주)복천식품
122,(주)본델
123,(주)봄내푸드
124,(주)부경축산
125,(주)부농농업회사법인
126,(주)부산가덕도식품
127,(주)부산세광식품
128,(주)부산식품
129,(주)부산어묵
130,(주)부산축산
131,(주)부산해정식품
132,(주)블랙피그
133,(주)비락 대구공장
134,(주)비젼식품
135,(주)빙그레
136,(주)빠보로꼬
137,(주)사세통상
138,(주)사조대림
139,(주)사조오양 금산공장
140,(주)사조오양 양산공장
141,(주)사조오양 평택공장
142,(주)사조오양금산공장
143,(주)사조오양양산공장
144,(주)산마루미트
145,(주)산호푸드시스템
146,(주)삼다
147,(주)삼우푸드
148,(주)삼진 지.에프
149,(주)삼호유황오리
150,(주)상건
151,(주)새난
152,(주)서농유통
153,(주)서라벌푸드
154,(주)서울식품
155,(주)선인
156,(주)선한농장
157,(주)성빈식품
158,(주)성신푸드
159,(주)성우앤푸드
160,(주)성우푸드
161,(주)성진본고기
162,(주)세양푸드
163,(주)세연미트
164,(주)세영푸드
165,(주)세창푸드
166,(주)소들녘에프앤디
167,(주)소디프비앤에프
168,(주)소이엔
169,(주)솔밭골푸드
170,(주)송오당김치
171,(주)수암
172,(주)숲풀림식품
173,(주)스위스식품
174,(주)신미씨앤에프
175,(주)신상궁
176,(주)신선미식품
177,(주)씨엔피푸드
178,(주)씨지엠
179,(주)아라푸드
180,(주)아워홈
181,(주)아이피씨
182,(주)야미식스
183,(주)에스앤비푸드 농업회사법인
184,(주)에스앤푸드
185,(주)에스피씨삼립 서천공장
186,(주)에이스푸드
187,(주)에이치에스식품
188,(주)에이치엔에이치
189,(주)에프비씨(FBC)
190,(주)에프앤비농업법인
191,(주)엔케이푸드시스템
192,(주)엔타스프레쉬미트
193,(주)엘리트
194,(주)엠케이푸드
195,(주)연보람 우유
196,(주)영구푸드
197,(주)영남우유
198,(주)예스에프앤에스
199,(주)오도푸드서비스
200,(주)오뗄
201,(주)오뗄 포천용정지점
202,(주)오뚜기
203,(주)오빌식품
204,(주)오성식품
205,(주)오성파트너스 포천지점
206,(주)올댓미트
207,(주)올품
208,(주)완주로컬유업
209,(주)왕선사람들
210,(주)왕실
211,(주)우농식품
212,(주)우리식품
213,(주)우리원식품
214,(주)우리푸디스
215,(주)우와돈
216,(주)우천식품
217,(주)울산육가공
218,(주)원앙에프엔비
219,(주)유앤아이푸드
220,(주)유진
221,(주)육육푸드
222,(주)윤덕
223,(주)융화식품
224,(주)이경애푸드
225,(주)이담
226,(주)이목원
227,(주)이스트밸리
228,(주)이야기
229,(주)이엘푸드코리아
230,(주)이푸드
231,(주)일양웰푸드
232,(주)임꺽정푸드시스템
233,(주)자연이준식품
234,(주)자연푸드
235,(주)장군식품
236,(주)장안유업
237,(주)장충동왕족발
238,(주)정남식품
239,(주)정다운 신성푸드
240,(주)정다운 훈제공장
241,(주)정다운(지점)
242,(주)정미푸드
243,(주)정우식품
244,(주)정원푸드
245,(주)정채움
246,(주)정축산
247,(주)제이닷피
248,(주)제이에프엔비
249,(주)제이엠푸드
250,(주)제이이코리아
251,(주)제주아침
252,(주)조선돼지갈비
253,(주)조선호텔앤리조트김치
254,(주)조아푸드
255,(주)조흥
256,(주)존쿡델리미트압구정점
257,(주)중앙식품
258,(주)지푸드
259,(주)진보식품
260,(주)진어전가마보꼬
261,(주)진주햄
262,(주)진푸드
263,(주)진한에프에스 데이원지점
264,(주)참가득F&K
265,(주)참누리푸드시스템
266,(주)참맛푸드
267,(주)참진정
268,(주)참푸드
269,(주)참푸드팜경산지점
270,(주)참프레
271,(주)채자연
272,(주)천지푸드
273,(주)청담원
274,(주)청림
275,(주)청솔식품
276,(주)청우냉동식품
277,(주)청우푸드
278,(주)청우푸드 인천지점
279,(주)청우푸드 포천지점
280,(주)청원오가닉
281,(주)청정
282,(주)청정화푸드
283,(주)청푸드
284,(주)청호
285,(주)청호푸드시스템
286,(주)체리부로 수옥지점
287,(주)체리푸드
288,(주)초심푸드
289,(주)충청에프앤에스
290,(주)친한 F&B
291,(주)컨츄리식품
292,(주)케이씨에프
293,(주)케이지프레시
294,(주)케이프라이드
295,(주)코주부 B&F
296,(주)코주부 씨앤에프
297,(주)콩세상
298,(주)클릭
299,(주)킹스코
300,(주)태공식품
301,(주)태림에프웰
302,(주)토담
303,(주)토담푸드시스템
304,(주)토자연
305,(주)티아이지푸드
306,(주)팔복농산
307,(주)팜덕
308,(주)팜덕 세븐(SEVEN)지점
309,(주)팜스코푸드
310,(주)푸드란플러스
311,(주)푸드로
312,(주)푸드스토어
313,(주)푸드시그널
314,(주)푸드이노베이션(지점)
315,(주)푸르밀
316,(주)푸르샨식품 제2공장
317,(주)푸른촌
318,(주)푸름
319,(주)푸름원
320,(주)풀무원기분
321,(주)풍산푸드시스템
322,(주)프랜푸드
323,(주)프럼팜
324,(주)프레시지
325,(주)피아이씨푸드시스템
326,(주)하나로에스
327,(주)하나로축산
328,(주)하나식품
329,(주)하누소푸드시스템
330,(주)하늘단 성서지점
331,(주)하림
332,(주)하림 정읍공장
333,(주)하오식품
334,(주)하이만푸드
335,(주)한강식품
336,(주)한국지네틱바이오팜
337,(주)한국축산
338,(주)한미식품
339,(주)한성식품
340,(주)한성식품서산지점
341,(주)한수식품
342,(주)한승
343,(주)한용에프에스
344,(주)한울에프앤에스
345,(주)한울타리식품
346,(주)한일팜스
347,(주)한쿡푸드
348,(주)합천식품
349,(주)해담촌
350,(주)해드림에프에스
351,(주)해말금
352,(주)해미푸드
353,(주)해천수식품
354,(주)해청정
355,(주)햇살푸드시스템
356,(주)허스델리
357,(주)현진
358,(주)홍반장
359,(주)환공식품
360,(주)효성어묵
361,(주)후드원
362,(주)휴먼메쯔거라이
363,CA푸드
364,DMG푸드
365,K홈푸드
366,MJ FOOD
367,㈜오에스푸드
368,가보식품
369,가원에프에스
370,가족사랑 유가공 영농조합법인
371,감성유가공 (영)
372,강릉초당두부
373,강원양돈축산업협동조합
374,강촌막창
375,강화섬김치
376,강화식품
377,강화재순네식품
378,강훈영농조합법인
379,거성식품
380,건강마을
381,건강한 사람들 주식회사
382,건강한닭 주식회사
383,고기나라
384,고려식품
385,고성해양심층수두부
386,고창지역자활센터 고인돌청정두부
387,곰살어묵
388,공주밤식품영농조합법인
389,광보네 김치
390,광산연식품
391,광수유통
392,광주남구지역자활센터유기농과콩두부세상
393,구들장식품(주)
394,구암쌀두부 영농조합법인
395,구칠식품
396,국민푸드
397,그린식품
398,그린식품제2공장
399,금보식품
400,기린원당농협두부조합공동사업법인
401,기수두부
402,김치마루
403,김포시니어클럽지점 시장형사업단1호점
404,꿈트는 치즈N스쿨(한국치즈과학고등학교)
405,나라찬에프엔비
406,나래푸드원
407,나루가온에프앤씨(주)
408,나주목사골 영농조합법인
409,낙원식품
410,남도맛김치
411,남양유업 주식회사 세종공장
412,남양유업 주식회사 천안공장
413,남양유업 주식회사 천안신공장
414,남양유업(주) 경주공장
415,남양유업(주) 나주공장
416,내포연식품
417,노고단식품
418,노랑오리농업회사법인(주)
419,논지엠
420,농가식품
421,농공상직거래협동조합
422,농민식품
423,농부두부
424,농업회사 법인(주)서진
425,농업회사법인 (유) 일품김치
426,농업회사법인 (주) 화산
427,농업회사법인 (주)농신에프디
428,농업회사법인 (주)대경햄
429,농업회사법인 (주)동방
430,농업회사법인 (주)미트홈
431,농업회사법인 (주)사조원 나주공장
432,농업회사법인 (주)소담
433,농업회사법인 (주)올참
434,농업회사법인 (주)진영
435,농업회사법인 ㈜우림웰푸드
436,농업회사법인 광동종합식품(주)
437,농업회사법인 글로벌푸드 주식회사
438,농업회사법인 꿀맛나는세상 주식회사
439,농업회사법인 대영씨제이(주)
440,농업회사법인 대원에프씨 주식회사
441,농업회사법인 더쉐프(주)
442,농업회사법인 리베로인터내셔날(주)
443,농업회사법인 맘푸드(주)
444,농업회사법인 맛누리(주)
445,농업회사법인 물골안에프엔비주식회사
446,농업회사법인 버드내(주)
447,농업회사법인 보령우유(주)
448,농업회사법인 비에스푸드 주식회사
449,농업회사법인 서당골(주)
450,농업회사법인 순무명가
451,농업회사법인 시원에프엔에프 주식회사
452,농업회사법인 신성(주)
453,농업회사법인 씨앤엠(주)
454,농업회사법인 영양그린푸드(주)
455,농업회사법인 옐로우팜주식회사
456,농업회사법인 우리쌀푸드(주)
457,농업회사법인 유기농비건(주)
458,농업회사법인 유선식품(주)
459,농업회사법인 유한회사 뽕의도리
460,농업회사법인 유한회사 아리울현푸드
461,농업회사법인 유한회사 연봉두부
462,농업회사법인 육화원(주)
463,농업회사법인 이정 주식회사
464,농업회사법인 자연과농부(주)
465,농업회사법인 정원(주)
466,농업회사법인 좋은사람 주식회사
467,농업회사법인 좋은사람주식회사
468,농업회사법인 주식회사 김수미엄마생각김치
469,농업회사법인 주식회사 꿈드림
470,농업회사법인 주식회사 다솔
471,농업회사법인 주식회사 다오네푸드
472,농업회사법인 주식회사 다인유업
473,농업회사법인 주식회사 대가
474,농업회사법인 주식회사 대세
475,농업회사법인 주식회사 동촌에프에스
476,농업회사법인 주식회사 디오푸드
477,농업회사법인 주식회사 미소가
478,농업회사법인 주식회사 보감 남원지점
479,농업회사법인 주식회사 솔미식품
480,농업회사법인 주식회사 수지스링크
481,농업회사법인 주식회사 에스엠푸드
482,농업회사법인 주식회사 여물게
483,농업회사법인 주식회사 연승푸드
484,농업회사법인 주식회사 영준
485,농업회사법인 주식회사 은아목장
486,농업회사법인 주식회사 이든밥상
487,농업회사법인 주식회사 이앤지푸드
488,농업회사법인 주식회사 제이원푸드
489,농업회사법인 주식회사 제주우유
490,농업회사법인 주식회사 코리아식품
491,농업회사법인 주식회사 한울
492,농업회사법인 주식회사 해성유통
493,농업회사법인 주식회사 홀썸네이처
494,농업회사법인 주식회사 홈델리
495,농업회사법인 주식회사 화천
496,농업회사법인 지엔티 주식회사
497,농업회사법인 천등산(주)
498,농업회사법인 청우푸드 주식회사
499,농업회사법인 청원자연랜드
500,농업회사법인 초록 주식회사
501,농업회사법인 쿱축산 주식회사
502,농업회사법인 킹스테이블(주)
503,농업회사법인 토마스푸드(주)
504,농업회사법인 풍강 주식회사
505,농업회사법인 풍미식품(주)
506,농업회사법인 하담푸드(주)
507,농업회사법인 하루그룹 주식회사
508,농업회사법인 한그루 2공장(주)
509,농업회사법인 한그루(주)
510,농업회사법인 한둘 주식회사
511,농업회사법인 한생 주식회사 종천공장
512,농업회사법인 행복주식회사
513,농업회사법인 혜밀 주식회사
514,농업회사법인 힘찬한우 주식회사
515,농업회사법인(유)아리랑식품
516,농업회사법인(유)해오름식품
517,농업회사법인(주) 모아
518,농업회사법인(주) 손맛
519,농업회사법인(주) 자연식품
520,농업회사법인(주)다고내
521,농업회사법인(주)다영푸드
522,농업회사법인(주)대광
523,농업회사법인(주)대광에프앤지
524,농업회사법인(주)라라스팜
525,농업회사법인(주)본가
526,농업회사법인(주)색동김치
527,농업회사법인(주)서동물산
528,농업회사법인(주)선영이네
529,농업회사법인(주)설목장
530,농업회사법인(주)엠브이푸드
531,농업회사법인(주)운림가
532,농업회사법인(주)제이엠푸드2
533,농업회사법인(주)주원산오리
534,농업회사법인(주)청미원식품
535,농업회사법인(주)코리아푸드
536,농업회사법인(주)콩세알
537,농업회사법인(주)해드림푸드
538,농업회사법인(주)해주이엔팜
539,농업회사법인(주)행복을요리하는사람들
540,농업회사법인(주)화심두부
541,농업회사법인산속농장주식회사
542,농업회사법인서문식품주식회사
543,농업회사법인순천송광주식회사
544,농업회사법인양지원식품주식회사
545,농업회사법인올레하르방축산유통주식회사
546,농업회사법인유한회사일품김치
547,농업회사법인주식회사담채원
548,농업회사법인주식회사새벽애
549,농업회사법인주식회사아침미소
550,농업회사법인주식회사우리푸디스
551,농업회사법인주식회사제주돈육수출센터
552,농업회사법인주식회사풍성식품
553,농업회사법인주식회사해미래
554,농업회사법인주식회사해오름식품
555,농업회사법인한살림안성마춤식품유한회사
556,뉴미소팜
557,늘푸른식품
558,다만목장
559,다모아영농조합법인
560,다미설
561,다미식품
562,다소니푸드
563,다솔청정식품
564,다솔푸드
565,다압매율영농조합법인
566,다온푸드
567,다원푸드
568,다인푸드시스템 주식회사
569,달구벌식품
570,당진두부
571,대관식품
572,대광목장
573,대광식품
574,대동식품
575,대명식품
576,대산영농회
577,대상(주) 단양2공장
578,대상(주)거창공장
579,대상(주)구미공장
580,대상(주)횡성공장
581,대상델리하임 주식회사
582,대서푸드
583,대성식품
584,대성푸드
585,대연식품
586,대원식품
587,대원푸드 농업회사법인 주식회사
588,대일유통
589,대자연
590,대진식품
591,대한푸드
592,더맘 유가공연구소
593,더웰푸드
594,더파트너스식품
595,덕앤푸드(주)
596,덕우식품
597,델리치푸드(주)
598,도미솔식품
599,도향식품
600,도헌식품
601,돈돈푸드
602,돈천지주식회사
603,동보식품
604,동월식품
605,동트는마을
606,돼지문화원
607,두루푸드
608,두원식품주식회사
609,드래곤 팩토리
610,들빛식품
611,땅끝애돈영농조합법인
612,롯데신선품질혁신센터
613,롯데제과(주)
614,롯데제과(주) 김천공장
615,롯데제과(주)파스퇴르공장
616,립엔푸드
617,마루터 치즈
618,마포종합식품
619,만나푸드
620,맑은샘h&f
621,맛모아식품
622,매일식품(주)
623,매일유업(주) 경산공장
624,매일유업(주) 광주공장
625,매일유업(주)상하공장
626,매일유업(주)평택공장
627,매코미 F&C
628,명가식품
629,명광식품주식회사
630,명선푸드
631,명신식품
632,명일축산영농조합
633,모모시루
634,모손푸드
635,모아모아 협동조합
636,모아푸드 주식회사
637,목촌식품
638,목포대양식품조합
639,목포연식품
640,몸애좋은두부
641,무궁화푸드
642,무지개식품
643,무지개영농조합법인
644,문경새재골민들레식품
645,미도식품
646,미드림
647,미래식품
648,미륵산식품
649,미소두부
650,민들레푸드(주)
651,믿음식품
652,믿음식품 주식회사
653,밀크모아영농조합법인
654,바이오식육식품
655,박광희김치
656,박군레시피
657,반햇소영농조합법인
658,백암진식품
659,밸리애
660,범산목장
661,베따르망
662,벧엘영농조합법인
663,보배유가공방
664,보은식품
665,복골촌두부
666,본화로숯불구이
667,봄내식품
668,봉평메밀F&B영농조합법인
669,봉화청량산김치 농업회사법인(주)
670,부광식품
671,부산갈매기
672,부산경남우유협동조합
673,부산대원식품주식회사
674,불새
675,비네본
676,비앤피월드 주식회사
677,빛고을김치 영농조합법인
678,뺑코푸드
679,사회복지법인평화의 마을
680,산과들에프엔씨
681,산동두부공장
682,산들강
683,산들찬식품
684,산들치즈
685,산촌식품
686,삼민목장
687,삼선식품
688,삼양식품(주)유가공공장
689,삼영식품
690,삼진식품(주)
691,삼천리식품
692,삼희식품
693,상공푸드
694,상주한가네닭발편육
695,상하농원(유) 햄공방
696,상호 주식회사
697,새롬에프에스(주)
698,새마을두부공장
699,새마을식품
700,새울길 영농조합법인
701,색시포크거성 주식회사
702,샘초당식품
703,생갈비닷컴
704,서신식품(주)
705,서안동농협풍산김치공장
706,서울우유거창공장
707,서울우유협동조합 안산공장
708,서울우유협동조합 양주공장
709,서울우유협동조합 양주신공장
710,서울우유협동조합 용인공장
711,서진식품
712,서한식품 주식회사
713,석호네푸드
714,선도농협김치가공공장
715,선진식품
716,설성푸드(도곡공장)
717,설성푸드(하남공장)
718,설악식품
719,성가정종합식품 (주)
720,성동식품
721,성신식품
722,성원식품
723,성진수산(주)
724,성호
725,성화푸드
726,세 진
727,세아식품
728,세연식품
729,세왕
730,세이브 F&S 가공
731,세이브푸드
732,세인푸드농업회사법인주식회사청도공장
733,소이미푸드(주)
734,소이빈네이처
735,소이빈네이처제2공장
736,송연오리
737,송학행복두부
738,수가비식품
739,수월한 주식회사
740,순우리푸드
741,순천고들빼기영농조합법인
742,쉐프윤쿠킹푸드
743,쉐프파트너(주)
744,신동식품(주)
745,신선미푸드
746,신성상사
747,신앙촌소비조합주식회사
748,신정식품
749,신진축산유통
750,신호식품
751,심청골두부
752,씨에스푸드 주식회사
753,씨원푸드
754,씨제이 씨푸드 주식회사
755,씨제이씨푸드(주)
756,씨제이제일제당(주)
757,씨제이제일제당(주)진천 BLOSSOM CAMPUS 4동
758,씨지에프(주)
759,아림농산영농조합법인
760,아산유통
761,아이디네이처(주)
762,아침 주식회사
763,아침마당영농조합법인
764,아침주식회사 2공장
765,안동yes푸드
766,안동농협 더햇식품사업소
767,안터원목장
768,알뜨랑농원
769,알찬식품
770,애플푸드
771,야베스식품
772,야참푸드
773,약수골식품
774,양지말화로구이식품
775,양평그린식품
776,양평절골농원
777,어가원식품
778,어업회사법인(주)씨그린제주
779,에스엔식품
780,에스엠푸드코리아(주)
781,에스제이(SJ)푸드
782,에스티푸드
783,에쓰푸드(주)
784,에쓰푸드(주)음성공장
785,에쓰푸드홀딩스 주식회사
786,에이앤제이푸드
787,에프앤씨진국
788,에프엠케이데어리(주)
789,엘리트(ELITE)
790,엠마우스일터
791,엠플러스에프엔씨 주식회사
792,여수농협돌산갓김치공장
793,연산식품
794,연세대학교 연세유업
795,연천농장식품
796,염주골두부
797,영농조합법인 김포축산
798,영농조합법인 무궁무진
799,영농조합법인 박부자네식품
800,영농조합법인 비엔푸드
801,영농조합법인 성진
802,영농조합법인 소생로컬푸드
803,영농조합법인 시.케이.푸드
804,영농조합법인 아라김치
805,영농조합법인 여러분팜스
806,영농조합법인 제주동원
807,영농조합법인 칠곡농수산
808,영농조합법인그린자연식품
809,영농조합법인두배식품
810,영식품
811,영신식품
812,영주식품
813,영진식품
814,영푸드
815,영화푸드
816,예맥푸드
817,옛날막창
818,오대양식품
819,오돌뼈의 진리
820,오미식품
821,오케이에프앤디
822,옥토푸드 화신닭발
823,와포햇살 영농조합법인
824,용현농협콩행복나눔
825,우리유황오리 영농조합법인
826,우리콩식품
827,우림식품
828,우정식품
829,우창식품
830,운림가
831,웃음이피어나는 식품
832,원더팩토리
833,월산식품
834,웰빙촌친환경영농조합법인
835,유레카영농조합법인
836,유선식품 서울경기지점
837,유엔푸드(주)
838,유원푸드
839,유진목장밀크팩토리
840,유진식품
841,유한회사 농업회사법인 새림
842,유한회사 더원에프엔씨
843,유한회사 믿음식품
844,유한회사 아웃스탠딩에프앤비
845,유한회사 에스제이에프
846,유한회사 엠아이에프 농업회사법인
847,유한회사 온달푸드
848,윤도현막창
849,윤서식품
850,은성푸드
851,이가네식품
852,이담
853,이수한우 영농조합법인
854,이유푸드(주)
855,이플 영농조합법인
856,인광식품
857,인투인푸드
858,일동후디스(주)횡성유가공공장
859,일미식품
860,일미식품주식회사
861,일품두부
862,임실농부(주)
863,임실치즈농협 제2유가공공장
864,임실치즈축산업협동조합
865,자연그대로영농조합법인
866,자임주식회사
867,장수도깨비동굴김치영농조합법인
868,장수새보름영농조합
869,장안푸드
870,장흥두부
871,재부푸드시스템
872,점촌농협 식품가공사업소
873,정우식품
874,정일품
875,정푸드
876,정품푸드
877,제이에스푸드
878,제이원푸드
879,제일식품
880,제주축산농협 유가공공장
881,제천쌍용식품
882,제철신선반찬공장 생기를담아
883,족발명가
884,종말이푸드
885,주) 달미식품 농업회사법인
886,주) 선인
887,주)신미씨앤에프(차암)
888,주)씨엔에스테크
889,주)이씨네식품
890,주식회사 가나안덕 F&B
891,주식회사 골든팜
892,주식회사 그린식품
893,주식회사 금호비앤디
894,주식회사 네이처파머
895,주식회사 농민식품
896,주식회사 농업회사법인 연안식품
897,주식회사 늘푸른 예산공장
898,주식회사 다미연
899,주식회사 다온
900,주식회사 달구벌명가식품
901,주식회사 달솔
902,주식회사 대건에프앤씨
903,주식회사 대박산업식품
904,주식회사 대운에프앤비
905,주식회사 더조은 믿음식품
906,주식회사 더존푸드
907,주식회사 돈흥원 본점
908,주식회사 동양식품
909,주식회사 동원축산
910,주식회사 동천에프앤지
911,주식회사 디딤
912,주식회사 디에스에프앤비
913,주식회사 뜨레찬
914,주식회사 로얄푸드
915,주식회사 로얄푸드할랄
916,주식회사 마더푸드
917,주식회사 맘씨
918,주식회사 미트원
919,주식회사 보담
920,주식회사 보승식품
921,주식회사 본래족발
922,주식회사 부광푸드
923,주식회사 부촌푸드
924,주식회사 비알비에프엔비
925,주식회사 삼화푸드
926,주식회사 상도푸드 농업회사법인
927,주식회사 서울에프엔비
928,주식회사 선농생활
929,주식회사 선앤두
930,주식회사 섬김과나눔
931,주식회사 성화식품
932,주식회사 세원에프에스
933,주식회사 순수
934,주식회사 신우식품
935,주식회사 쏘이원
936,주식회사 아시안푸드스타
937,주식회사 아워홈
938,주식회사 아이탐푸드
939,주식회사 어메이징팩토리
940,주식회사 에스알인터내셔널
941,주식회사 에스제이푸드
942,주식회사 에이스뉴식품
943,주식회사 엔지엠
944,주식회사 영우식품
945,주식회사 오미장
946,주식회사 올계 농업회사법인
947,주식회사 와룡식품
948,주식회사 왕선사람들
949,주식회사 우보식품
950,주식회사 우진종합식품 농업회사법인
951,주식회사 유애래
952,주식회사 은성 에프앤시
953,주식회사 이딸꼬레
954,주식회사 인화티에프에스
955,주식회사 장원식품
956,주식회사 정금푸드시스템
957,주식회사 정일품
958,주식회사 제이오푸드
959,주식회사 제이제이푸드
960,주식회사 제주유기농
961,주식회사 좋은이웃
962,주식회사 지엔지
963,주식회사 지엠푸드
964,주식회사 진미푸드지점
965,주식회사 진선식품
966,주식회사 진심
967,주식회사 참바른식품
968,주식회사 청산식품
969,주식회사 초이스팜_하남
970,주식회사 최강육수마누
971,주식회사 친환경식품 콩담터
972,주식회사 케이에스에프엔지
973,주식회사 코리아바라카텁
974,주식회사 코빅푸드
975,주식회사 코아
976,주식회사 코코푸드
977,주식회사 큐홈
978,주식회사 타스테코
979,주식회사 태림에프웰
980,주식회사 태민푸드
981,주식회사 판다스토리
982,주식회사 팜코아
983,주식회사 푸드스토어
984,주식회사 푸드팩토리
985,주식회사 푸디노에프앤디
986,주식회사 프레쥬퀸
987,주식회사 프로컷
988,주식회사 피그빌
989,주식회사 피피이씨의령
990,주식회사 피피이씨춘천
991,주식회사 하늘단
992,주식회사 하림 제2공장
993,주식회사 하이푸드텍
994,주식회사 해담솔푸드
995,주식회사 해온푸드
996,주식회사 형원피앤씨
997,주식회사대덕종합식품
998,주식회사디아이
999,주식회사모산F/S
1000,주식회사베지나랑푸드
1001,주식회사자연애플러스
1002,주식회사코리아더커드
1003,주식회사쿡스탑앤푸드
1004,주식회사푸건식품
1005,주원푸드(주)
1006,주현푸드 유한회사
1007,중앙닭강정
1008,지리산맑은물춘향골영농조합법인
1009,지리산산골흑돼지농업회사법인주식회사
1010,진미식품
1011,진산물산
1012,진주식품
1013,찬들식품
1014,참 프레시 미트
1015,참나무식품
1016,참마음식품
1017,참솔식품
1018,참식품 주식회사
1019,참자연마을 영농조합법인
1020,창안
1021,천북농협김치가공공장
1022,천주식품
1023,천혜식품
1024,청신목장
1025,초당식품
1026,초림단지묵
1027,초아푸드영농조합법인
1028,초아푸드영농조합법인 천북공장
1029,춘천그린식품
1030,춘천닭갈비영농조합법인
1031,춘천창푸드
1032,충남대학교농업생명과학대학
1033,충북낙농업협동조합
1034,코리아 F＆C
1035,코리아종합식품(주)가야지점
1036,코리아푸드(KOREA FOOD)
1037,코즈영농조합법인
1038,크레팜주식회사
1039,크로바식품
1040,큰나무팜
1041,큰집식품
1042,탐모라식품
1043,탐스푸드 주식회사
1044,탑 코퍼레이션
1045,태민푸드
1046,태영식품
1047,태영푸드
1048,테이스티플랫폼
1049,토리원
1050,티제이푸드
1051,티케이푸드 주식회사
1052,파아란식품
1053,파우니식품(주)
1054,파워닭
1055,판교농협가공공장
1056,팜인(Farm 人)
1057,팜프레시 팩토리
1058,페이비
1059,평원식품
1060,평창꽃순이
1061,포만식품
1062,포천이동식품
1063,푸건에프앤씨
1064,푸드스토아
1065,푸드앤펀
1066,푸드올 주식회사
1067,푸드컨테이너
1068,푸른들 영농조합
1069,풀무원식품(주)
1070,프랑스구르메(주)
1071,피그빌
1072,피피이씨글로벌김치 주식회사
1073,하나로축산식품
1074,하나식품
1075,하네뜨
1076,하성에프앤비
1077,하은식품
1078,하이푸드
1079,학교법인건국대학교건국유업.건국햄
1080,한결종합식품
1081,한국농협김치조합공동사업법인 전남지사
1082,한국농협김치조합공동사업법인 전북지사
1083,한국농협김치조합공동사업법인 파주지사
1084,한국농협김치조합공동사업법인충북지사
1085,한국민속식품
1086,한국유업주식회사
1087,한두식품
1088,한미헬스케어 주식회사
1089,한성기업(주)김해공장
1090,한성수산식품(주)
1091,한성식품
1092,한솔식품
1093,한스 수제치즈 & 요거트
1094,한양식품
1095,한양제너럴푸드
1096,한우물식품
1097,한원푸드시스템(주)
1098,한창물산(주)
1099,할랄푸드스
1100,함씨네토종콩식품
1101,합자회사가오연식품
1102,핫스타WF1
1103,해거름마을영농조합법인
1104,해남군장애인직업재활시설
1105,해늘찬치즈
1106,해뜨락영농조합법인
1107,해맑은 식품(주)
1108,해성축산
1109,해찬식품
1110,해초식품
1111,햇잎푸드 제1공장
1112,행복드림영농조합법인
1113,행복하계(동구)
1114,향미김치
1115,현대미트
1116,협동조합 참닭갈비
1117,형제축산푸드 주식회사
1118,호호영농조합법인
1119,홍천제일식품
1120,화성종합식품(주)
1121,화진식품
1122,황금씨앗
1123,황토족발
1124,황후의 식품
1125,효원식품
1126,후사랑밀크(환희목장)
1127,흰여울푸드(주)
